{"stats":{"minecraft:dropped":{"minecraft:crafting_table":1},"minecraft:used":{"minecraft:cooked_mutton":5,"minecraft:stone_sword":29,"minecraft:stone_pickaxe":61,"minecraft:oak_planks":10,"minecraft:chest":1,"minecraft:wooden_pickaxe":26,"minecraft:iron_sword":44,"minecraft:rotten_flesh":1,"minecraft:torch":24,"minecraft:glow_berries":4,"minecraft:dirt":12,"minecraft:crafting_table":4,"minecraft:carrot":1,"minecraft:tuff":7,"minecraft:granite":9,"minecraft:oak_log":8,"minecraft:wooden_axe":17,"minecraft:diamond_pickaxe":12,"minecraft:stone_axe":21,"minecraft:cobblestone":1,"minecraft:furnace":2,"minecraft:porkchop":1,"minecraft:andesite":2,"minecraft:yellow_bed":1},"minecraft:crafted":{"minecraft:oak_planks":52,"minecraft:crafting_table":4,"minecraft:wooden_pickaxe":1,"minecraft:iron_sword":1,"minecraft:furnace":2,"minecraft:yellow_bed":1,"minecraft:cooked_mutton":4,"minecraft:iron_chestplate":1,"minecraft:yellow_dye":4,"minecraft:stick":16,"minecraft:iron_ingot":12,"minecraft:stone_pickaxe":1,"minecraft:wooden_axe":1,"minecraft:stone_sword":1,"minecraft:chest":1,"minecraft:white_bed":1,"minecraft:torch":24},"minecraft:killed":{"minecraft:pig":1,"minecraft:skeleton":1,"minecraft:sheep":5,"minecraft:zombie":4},"minecraft:killed_by":{"minecraft:skeleton":3,"minecraft:zombie":10,"minecraft:enderman":1},"minecraft:mined":{"minecraft:deepslate_redstone_ore":4,"minecraft:tuff":10,"minecraft:deepslate_diamond_ore":1,"minecraft:oak_fence":2,"minecraft:crafting_table":1,"minecraft:torch":6,"minecraft:granite":12,"minecraft:short_grass":18,"minecraft:grass_block":2,"minecraft:deepslate_gold_ore":3,"minecraft:oak_planks":7,"minecraft:wall_torch":5,"minecraft:iron_ore":9,"minecraft:birch_leaves":1,"minecraft:andesite":2,"minecraft:orange_tulip":1,"minecraft:coal_ore":8,"minecraft:red_tulip":1,"minecraft:oak_log":26,"minecraft:deepslate_iron_ore":2,"minecraft:rail":2,"minecraft:sunflower":6,"minecraft:dirt":2,"minecraft:cobweb":4,"minecraft:stone":26,"minecraft:white_tulip":1,"minecraft:oak_leaves":7,"minecraft:deepslate":11},"minecraft:custom":{"minecraft:interact_with_furnace":18,"minecraft:mob_kills":16,"minecraft:interact_with_crafting_table":23,"minecraft:leave_game":1,"minecraft:time_since_death":17323,"minecraft:time_since_rest":17423,"minecraft:sprint_one_cm":251137,"minecraft:damage_taken":5027,"minecraft:walk_one_cm":326209,"minecraft:drop":1,"minecraft:damage_dealt":2560,"minecraft:talked_to_villager":1,"minecraft:swim_one_cm":18569,"minecraft:fly_one_cm":89009,"minecraft:open_chest":13,"minecraft:crouch_one_cm":292,"minecraft:play_time":99452,"minecraft:deaths":17,"minecraft:sneak_time":268,"minecraft:walk_under_water_one_cm":9329,"minecraft:jump":941,"minecraft:walk_on_water_one_cm":45748,"minecraft:interact_with_smoker":5,"minecraft:total_world_time":99452,"minecraft:fall_one_cm":33594},"minecraft:picked_up":{"minecraft:crafting_table":1,"minecraft:golden_carrot":5,"minecraft:glow_ink_sac":1,"minecraft:andesite":2,"minecraft:tuff":9,"minecraft:oak_log":32,"minecraft:shield":1,"minecraft:string":6,"minecraft:dirt":13,"minecraft:cooked_mutton":1,"minecraft:bone":2,"minecraft:wheat_seeds":2,"minecraft:cobbled_deepslate":11,"minecraft:raw_gold":3,"minecraft:oak_planks":7,"minecraft:egg":1,"minecraft:stick":2,"minecraft:raw_iron":11,"minecraft:oak_fence":2,"minecraft:torch":11,"minecraft:porkchop":1,"minecraft:carrot":1,"minecraft:redstone":18,"minecraft:arrow":2,"minecraft:rotten_flesh":12,"minecraft:diamond":1,"minecraft:red_tulip":1,"minecraft:granite":11,"minecraft:gray_wool":1,"minecraft:oak_sapling":3,"minecraft:rail":1,"minecraft:glow_berries":3,"minecraft:mutton":7,"minecraft:coal":8,"minecraft:diamond_pickaxe":1,"minecraft:white_wool":4,"minecraft:cobblestone":26,"minecraft:sunflower":4}},"DataVersion":4082}