{"stats":{"minecraft:dropped":{"minecraft:crafting_table":1},"minecraft:used":{"minecraft:oak_log":8,"minecraft:cooked_mutton":4,"minecraft:wooden_axe":17,"minecraft:stone_sword":16,"minecraft:stone_pickaxe":34,"minecraft:oak_planks":10,"minecraft:chest":1,"minecraft:wooden_pickaxe":26,"minecraft:torch":14,"minecraft:dirt":11,"minecraft:crafting_table":3,"minecraft:furnace":1,"minecraft:porkchop":1,"minecraft:granite":9},"minecraft:crafted":{"minecraft:oak_planks":44,"minecraft:crafting_table":3,"minecraft:stick":16,"minecraft:iron_ingot":11,"minecraft:wooden_pickaxe":1,"minecraft:stone_pickaxe":1,"minecraft:wooden_axe":1,"minecraft:stone_sword":1,"minecraft:chest":1,"minecraft:furnace":1,"minecraft:torch":24,"minecraft:cooked_mutton":3},"minecraft:killed":{"minecraft:sheep":3,"minecraft:pig":1},"minecraft:killed_by":{"minecraft:skeleton":2,"minecraft:enderman":1},"minecraft:mined":{"minecraft:iron_ore":9,"minecraft:birch_leaves":1,"minecraft:torch":4,"minecraft:orange_tulip":1,"minecraft:crafting_table":1,"minecraft:granite":9,"minecraft:short_grass":10,"minecraft:coal_ore":8,"minecraft:grass_block":2,"minecraft:red_tulip":1,"minecraft:oak_log":26,"minecraft:sunflower":1,"minecraft:dirt":1,"minecraft:white_tulip":1,"minecraft:stone":26,"minecraft:wall_torch":2,"minecraft:oak_leaves":7},"minecraft:custom":{"minecraft:time_since_rest":37171,"minecraft:interact_with_furnace":10,"minecraft:sprint_one_cm":115746,"minecraft:damage_taken":959,"minecraft:walk_one_cm":127275,"minecraft:mob_kills":4,"minecraft:drop":1,"minecraft:damage_dealt":725,"minecraft:interact_with_crafting_table":16,"minecraft:swim_one_cm":11887,"minecraft:fly_one_cm":28228,"minecraft:open_chest":2,"minecraft:crouch_one_cm":243,"minecraft:play_time":48000,"minecraft:deaths":3,"minecraft:sneak_time":96,"minecraft:walk_under_water_one_cm":3744,"minecraft:jump":345,"minecraft:time_since_death":37135,"minecraft:walk_on_water_one_cm":27980,"minecraft:interact_with_smoker":1,"minecraft:total_world_time":48000,"minecraft:fall_one_cm":4037},"minecraft:picked_up":{"minecraft:raw_iron":9,"minecraft:stick":2,"minecraft:crafting_table":1,"minecraft:golden_carrot":5,"minecraft:torch":6,"minecraft:porkchop":1,"minecraft:oak_log":32,"minecraft:dirt":12,"minecraft:cooked_mutton":1,"minecraft:rotten_flesh":1,"minecraft:wheat_seeds":2,"minecraft:granite":9,"minecraft:red_tulip":1,"minecraft:gray_wool":1,"minecraft:oak_sapling":3,"minecraft:mutton":3,"minecraft:coal":8,"minecraft:white_wool":2,"minecraft:cobblestone":25,"minecraft:egg":1}},"DataVersion":4082}