{"stats":{"minecraft:killed":{"minecraft:zombified_piglin":1,"minecraft:spider":7,"minecraft:skeleton":10,"minecraft:bee":1,"minecraft:chicken":3,"minecraft:magma_cube":3,"minecraft:pig":7,"minecraft:salmon":5,"minecraft:rabbit":1,"minecraft:wandering_trader":1,"minecraft:creeper":4,"minecraft:sheep":13,"minecraft:trader_llama":1,"minecraft:pillager":10,"minecraft:zombie":20,"minecraft:enderman":7},"minecraft:mined":{"minecraft:nether_gold_ore":32,"minecraft:tuff":10,"minecraft:deepslate_diamond_ore":1,"minecraft:obsidian":12,"minecraft:granite":14,"minecraft:grass_block":155,"minecraft:furnace":1,"minecraft:carrots":11,"minecraft:iron_ore":24,"minecraft:fire":18,"minecraft:cobbled_deepslate":3,"minecraft:andesite":10,"minecraft:pumpkin":11,"minecraft:deepslate_lapis_ore":1,"minecraft:potatoes":2,"minecraft:pointed_dripstone":1,"minecraft:red_tulip":1,"minecraft:deepslate_iron_ore":4,"minecraft:rail":2,"minecraft:stone":359,"minecraft:white_tulip":1,"minecraft:white_wool":2,"minecraft:cake":1,"minecraft:deepslate_redstone_ore":5,"minecraft:twisting_vines_plant":1,"minecraft:smoker":1,"minecraft:basalt":2,"minecraft:stone_brick_slab":3,"minecraft:dandelion":2,"minecraft:oak_fence":11,"minecraft:crafting_table":2,"minecraft:torch":10,"minecraft:short_grass":207,"minecraft:emerald_ore":2,"minecraft:poppy":15,"minecraft:cobblestone":4,"minecraft:nether_quartz_ore":5,"minecraft:tall_grass":27,"minecraft:deepslate_gold_ore":9,"minecraft:sugar_cane":5,"minecraft:oak_planks":20,"minecraft:diorite":3,"minecraft:wall_torch":6,"minecraft:amethyst_block":2,"minecraft:warped_wart_block":1,"minecraft:seagrass":2,"minecraft:warped_nylium":23,"minecraft:wheat":47,"minecraft:birch_leaves":1,"minecraft:orange_tulip":1,"minecraft:bee_nest":1,"minecraft:yellow_bed":2,"minecraft:coal_ore":44,"minecraft:oak_log":161,"minecraft:beetroots":9,"minecraft:sunflower":7,"minecraft:gravel":6,"minecraft:sand":11,"minecraft:dirt":51,"minecraft:cobweb":5,"minecraft:netherrack":150,"minecraft:oak_leaves":33,"minecraft:deepslate":52},"minecraft:killed_by":{"minecraft:player":1,"minecraft:zombified_piglin":1,"minecraft:enderman":3,"minecraft:ravager":1,"minecraft:piglin":1,"minecraft:skeleton":5,"minecraft:zombie":14},"minecraft:broken":{"minecraft:golden_helmet":2,"minecraft:stone_pickaxe":3,"minecraft:shield":1,"minecraft:golden_sword":1,"minecraft:stone_axe":2,"minecraft:iron_sword":2},"minecraft:dropped":{"minecraft:iron_ingot":11,"minecraft:iron_sword":1,"minecraft:wheat_seeds":14,"minecraft:crafting_table":1,"minecraft:crossbow":1,"minecraft:lead":1,"minecraft:warped_roots":1,"minecraft:leather":1,"minecraft:granite":1,"minecraft:rail":1,"minecraft:coal":3,"minecraft:stick":3,"minecraft:dirt":42,"minecraft:diorite":3,"minecraft:white_banner":1,"minecraft:sand":24,"minecraft:iron_pickaxe":1,"minecraft:dark_oak_planks":1,"minecraft:white_wool":1,"minecraft:bone":4,"minecraft:gravel":8,"minecraft:stone_axe":2,"minecraft:iron_nugget":2,"minecraft:twisting_vines":5,"minecraft:pointed_dripstone":1,"minecraft:rotten_flesh":13,"minecraft:stone_stairs":4,"minecraft:poppy":6,"minecraft:stone":53,"minecraft:iron_chestplate":1,"minecraft:andesite":7,"minecraft:beetroot_seeds":5,"minecraft:oak_sapling":1,"minecraft:wooden_pickaxe":1,"minecraft:warped_wart_block":4,"minecraft:stone_brick_stairs":1},"minecraft:picked_up":{"minecraft:crafting_table":2,"minecraft:iron_chestplate":1,"minecraft:wheat":36,"minecraft:splash_potion":1,"minecraft:azure_bluet":4,"minecraft:ominous_bottle":1,"minecraft:chicken":3,"minecraft:lead":4,"minecraft:wooden_pickaxe":1,"minecraft:potion":1,"minecraft:nether_brick":15,"minecraft:shield":1,"minecraft:amethyst_block":2,"minecraft:string":15,"minecraft:iron_leggings":1,"minecraft:beetroot":7,"minecraft:diamond_leggings":1,"minecraft:gold_nugget":125,"minecraft:cobbled_deepslate":54,"minecraft:bucket":1,"minecraft:beef":3,"minecraft:iron_nugget":22,"minecraft:poppy":17,"minecraft:sugar_cane":7,"minecraft:iron_boots":1,"minecraft:egg":2,"minecraft:stick":13,"minecraft:raw_iron":28,"minecraft:oak_fence":11,"minecraft:torch":17,"minecraft:porkchop":11,"minecraft:pointed_dripstone":1,"minecraft:diorite":6,"minecraft:carrot":19,"minecraft:redstone":31,"minecraft:dark_oak_planks":1,"minecraft:rotten_flesh":30,"minecraft:arrow":16,"minecraft:diamond_chestplate":1,"minecraft:beetroot_seeds":17,"minecraft:red_tulip":1,"minecraft:gold_ingot":6,"minecraft:obsidian":14,"minecraft:glow_berries":3,"minecraft:mutton":17,"minecraft:rail":1,"minecraft:white_wool":7,"minecraft:cobblestone":365,"minecraft:feather":1,"minecraft:basalt":2,"minecraft:golden_carrot":5,"minecraft:glow_ink_sac":1,"minecraft:salmon":5,"minecraft:andesite":12,"minecraft:leather":1,"minecraft:smoker":1,"minecraft:flint":1,"minecraft:tuff":9,"minecraft:oak_log":166,"minecraft:yellow_bed":2,"minecraft:gunpowder":5,"minecraft:lapis_lazuli":6,"minecraft:dirt":254,"minecraft:white_banner":4,"minecraft:twisting_vines":5,"minecraft:cooked_mutton":1,"minecraft:bone":10,"minecraft:apple":1,"minecraft:stone_bricks":1,"minecraft:wheat_seeds":166,"minecraft:raw_gold":9,"minecraft:iron_ingot":5,"minecraft:rabbit":2,"minecraft:oak_planks":22,"minecraft:iron_sword":1,"minecraft:cooked_porkchop":1,"minecraft:pumpkin":11,"minecraft:stone_brick_slab":4,"minecraft:warped_wart_block":4,"minecraft:quartz":8,"minecraft:gravel":10,"minecraft:sand":38,"minecraft:grass_block":2,"minecraft:crying_obsidian":4,"minecraft:spectral_arrow":18,"minecraft:diamond":1,"minecraft:stone_axe":1,"minecraft:crossbow":2,"minecraft:granite":12,"minecraft:gray_wool":1,"minecraft:emerald":2,"minecraft:warped_roots":1,"minecraft:bread":29,"minecraft:oak_sapling":9,"minecraft:netherrack":237,"minecraft:warped_nylium":1,"minecraft:coal":45,"minecraft:diamond_pickaxe":1,"minecraft:sunflower":4,"minecraft:ender_pearl":10},"minecraft:used":{"minecraft:oak_fence":16,"minecraft:beetroot":7,"minecraft:stone_sword":29,"minecraft:flint_and_steel":1,"minecraft:chest":3,"minecraft:shield":115,"minecraft:iron_sword":577,"minecraft:cooked_salmon":5,"minecraft:rotten_flesh":4,"minecraft:netherrack":225,"minecraft:iron_chestplate":1,"minecraft:torch":34,"minecraft:dirt":244,"minecraft:mutton":2,"minecraft:carrot":25,"minecraft:oak_wood":3,"minecraft:tuff":9,"minecraft:granite":9,"minecraft:oak_fence_gate":1,"minecraft:obsidian":7,"minecraft:stone_brick_slab":4,"minecraft:wooden_axe":17,"minecraft:lava_bucket":1,"minecraft:iron_boots":2,"minecraft:stone_bricks":1,"minecraft:golden_sword":41,"minecraft:ominous_bottle":1,"minecraft:goat_horn":3,"minecraft:furnace":3,"minecraft:oak_sapling":3,"minecraft:beetroot_seeds":11,"minecraft:cobbled_deepslate":46,"minecraft:cooked_beef":3,"minecraft:wheat_seeds":131,"minecraft:cooked_mutton":16,"minecraft:water_bucket":72,"minecraft:amethyst_block":1,"minecraft:rabbit":2,"minecraft:stone_pickaxe":513,"minecraft:oak_planks":94,"minecraft:wooden_pickaxe":26,"minecraft:white_wool":1,"minecraft:glow_berries":4,"minecraft:sand":14,"minecraft:golden_hoe":92,"minecraft:crafting_table":9,"minecraft:crossbow":38,"minecraft:smoker":1,"minecraft:oak_log":103,"minecraft:wooden_hoe":45,"minecraft:diamond_pickaxe":261,"minecraft:apple":1,"minecraft:bread":40,"minecraft:chicken":3,"minecraft:iron_pickaxe":13,"minecraft:stone_axe":292,"minecraft:cobblestone":21,"minecraft:porkchop":4,"minecraft:cooked_porkchop":8,"minecraft:bucket":73,"minecraft:andesite":5,"minecraft:yellow_bed":3,"minecraft:pumpkin_pie":1,"minecraft:bone_meal":12,"minecraft:diamond_leggings":1},"minecraft:crafted":{"minecraft:oak_planks":184,"minecraft:stone_brick_wall":3,"minecraft:furnace":3,"minecraft:stone":68,"minecraft:yellow_bed":1,"minecraft:bone_meal":12,"minecraft:cooked_mutton":15,"minecraft:stone_stairs":5,"minecraft:flint_and_steel":1,"minecraft:stone_brick_slab":6,"minecraft:iron_boots":1,"minecraft:stone_pickaxe":4,"minecraft:chest":3,"minecraft:chiseled_stone_bricks":2,"minecraft:oak_fence":6,"minecraft:golden_helmet":2,"minecraft:golden_sword":1,"minecraft:cooked_beef":3,"minecraft:sugar":1,"minecraft:cooked_porkchop":7,"minecraft:crafting_table":8,"minecraft:wooden_pickaxe":1,"minecraft:iron_sword":2,"minecraft:cooked_salmon":5,"minecraft:oak_wood":3,"minecraft:stone_axe":3,"minecraft:bread":6,"minecraft:oak_fence_gate":1,"minecraft:stone_brick_stairs":1,"minecraft:white_wool":1,"minecraft:iron_chestplate":1,"minecraft:wooden_hoe":1,"minecraft:yellow_dye":4,"minecraft:stick":36,"minecraft:stone_slab":2,"minecraft:iron_ingot":26,"minecraft:iron_pickaxe":1,"minecraft:wooden_axe":1,"minecraft:stone_sword":1,"minecraft:gold_ingot":22,"minecraft:white_bed":1,"minecraft:pumpkin_pie":1,"minecraft:torch":28},"minecraft:custom":{"minecraft:interact_with_smithing_table":1,"minecraft:mob_kills":107,"minecraft:animals_bred":3,"minecraft:interact_with_crafting_table":105,"minecraft:bell_ring":3,"minecraft:eat_cake_slice":4,"minecraft:leave_game":7,"minecraft:time_since_death":3378,"minecraft:climb_one_cm":5341,"minecraft:sprint_one_cm":1751887,"minecraft:walk_one_cm":2113371,"minecraft:damage_blocked_by_shield":3597,"minecraft:drop":153,"minecraft:talked_to_villager":10,"minecraft:raid_win":1,"minecraft:play_time":578545,"minecraft:deaths":34,"minecraft:sneak_time":9601,"minecraft:walk_under_water_one_cm":33228,"minecraft:boat_one_cm":151017,"minecraft:jump":6539,"minecraft:walk_on_water_one_cm":95152,"minecraft:total_world_time":578545,"minecraft:interact_with_furnace":40,"minecraft:raid_trigger":1,"minecraft:interact_with_stonecutter":7,"minecraft:sleep_in_bed":17,"minecraft:time_since_rest":3410,"minecraft:damage_taken":12848,"minecraft:damage_dealt":18084,"minecraft:swim_one_cm":29322,"minecraft:fly_one_cm":847567,"minecraft:open_chest":71,"minecraft:crouch_one_cm":24900,"minecraft:interact_with_smoker":24,"minecraft:fall_one_cm":192542,"minecraft:horse_one_cm":20951}},"DataVersion":4082}