{"stats":{"minecraft:used":{"minecraft:stone_sword":29,"minecraft:chest":1,"minecraft:shield":71,"minecraft:iron_sword":299,"minecraft:rotten_flesh":2,"minecraft:iron_chestplate":1,"minecraft:torch":24,"minecraft:dirt":83,"minecraft:carrot":1,"minecraft:tuff":9,"minecraft:granite":9,"minecraft:obsidian":7,"minecraft:wooden_axe":17,"minecraft:lava_bucket":1,"minecraft:golden_sword":41,"minecraft:ominous_bottle":1,"minecraft:furnace":3,"minecraft:cooked_beef":3,"minecraft:cobbled_deepslate":46,"minecraft:cooked_mutton":8,"minecraft:water_bucket":14,"minecraft:amethyst_block":1,"minecraft:stone_pickaxe":251,"minecraft:oak_planks":40,"minecraft:wooden_pickaxe":26,"minecraft:white_wool":1,"minecraft:glow_berries":4,"minecraft:golden_hoe":38,"minecraft:crafting_table":7,"minecraft:crossbow":2,"minecraft:smoker":1,"minecraft:oak_log":8,"minecraft:diamond_pickaxe":73,"minecraft:chicken":1,"minecraft:bread":16,"minecraft:stone_axe":52,"minecraft:cobblestone":19,"minecraft:porkchop":3,"minecraft:cooked_porkchop":7,"minecraft:andesite":5,"minecraft:bucket":16,"minecraft:yellow_bed":3},"minecraft:dropped":{"minecraft:iron_ingot":1,"minecraft:iron_sword":1,"minecraft:wheat_seeds":6,"minecraft:crafting_table":1,"minecraft:leather":1,"minecraft:granite":1,"minecraft:rail":1,"minecraft:coal":3,"minecraft:dirt":15,"minecraft:diorite":3,"minecraft:white_banner":1,"minecraft:dark_oak_planks":1,"minecraft:bone":1,"minecraft:stone_axe":2,"minecraft:rotten_flesh":8,"minecraft:poppy":1,"minecraft:iron_chestplate":1,"minecraft:andesite":7,"minecraft:oak_sapling":1,"minecraft:wooden_pickaxe":1},"minecraft:crafted":{"minecraft:oak_planks":104,"minecraft:furnace":3,"minecraft:yellow_bed":1,"minecraft:cooked_mutton":7,"minecraft:iron_boots":1,"minecraft:stone_pickaxe":2,"minecraft:chest":2,"minecraft:golden_helmet":1,"minecraft:golden_sword":1,"minecraft:cooked_beef":3,"minecraft:cooked_porkchop":7,"minecraft:crafting_table":6,"minecraft:wooden_pickaxe":1,"minecraft:iron_sword":1,"minecraft:stone_axe":2,"minecraft:white_wool":1,"minecraft:iron_chestplate":1,"minecraft:yellow_dye":4,"minecraft:stick":20,"minecraft:iron_ingot":12,"minecraft:wooden_axe":1,"minecraft:stone_sword":1,"minecraft:gold_ingot":9,"minecraft:white_bed":1,"minecraft:torch":24},"minecraft:broken":{"minecraft:stone_pickaxe":1,"minecraft:golden_sword":1,"minecraft:iron_sword":1},"minecraft:killed":{"minecraft:spider":2,"minecraft:skeleton":2,"minecraft:chicken":1,"minecraft:pig":6,"minecraft:wandering_trader":1,"minecraft:creeper":1,"minecraft:sheep":5,"minecraft:trader_llama":1,"minecraft:pillager":9,"minecraft:zombie":8},"minecraft:killed_by":{"minecraft:player":1,"minecraft:enderman":1,"minecraft:skeleton":4,"minecraft:zombie":10},"minecraft:mined":{"minecraft:tuff":10,"minecraft:deepslate_diamond_ore":1,"minecraft:obsidian":11,"minecraft:granite":13,"minecraft:grass_block":59,"minecraft:furnace":1,"minecraft:iron_ore":16,"minecraft:cobbled_deepslate":3,"minecraft:andesite":10,"minecraft:deepslate_lapis_ore":1,"minecraft:red_tulip":1,"minecraft:deepslate_iron_ore":4,"minecraft:rail":2,"minecraft:stone":175,"minecraft:white_tulip":1,"minecraft:white_wool":2,"minecraft:cake":1,"minecraft:deepslate_redstone_ore":5,"minecraft:smoker":1,"minecraft:dandelion":1,"minecraft:oak_fence":10,"minecraft:crafting_table":2,"minecraft:torch":6,"minecraft:short_grass":72,"minecraft:emerald_ore":2,"minecraft:poppy":3,"minecraft:tall_grass":7,"minecraft:cobblestone":2,"minecraft:deepslate_gold_ore":9,"minecraft:oak_planks":14,"minecraft:diorite":3,"minecraft:wall_torch":5,"minecraft:amethyst_block":2,"minecraft:birch_leaves":1,"minecraft:orange_tulip":1,"minecraft:yellow_bed":2,"minecraft:oak_log":36,"minecraft:coal_ore":13,"minecraft:sunflower":7,"minecraft:dirt":8,"minecraft:cobweb":5,"minecraft:oak_leaves":12,"minecraft:deepslate":52},"minecraft:picked_up":{"minecraft:iron_chestplate":1,"minecraft:crafting_table":2,"minecraft:ominous_bottle":1,"minecraft:chicken":1,"minecraft:lead":1,"minecraft:wooden_pickaxe":1,"minecraft:shield":1,"minecraft:amethyst_block":2,"minecraft:string":8,"minecraft:iron_leggings":1,"minecraft:cobbled_deepslate":54,"minecraft:bucket":1,"minecraft:beef":3,"minecraft:poppy":1,"minecraft:egg":2,"minecraft:stick":9,"minecraft:raw_iron":20,"minecraft:oak_fence":10,"minecraft:torch":12,"minecraft:porkchop":10,"minecraft:diorite":3,"minecraft:carrot":1,"minecraft:redstone":23,"minecraft:dark_oak_planks":1,"minecraft:diamond_chestplate":1,"minecraft:arrow":2,"minecraft:rotten_flesh":18,"minecraft:red_tulip":1,"minecraft:gold_ingot":6,"minecraft:obsidian":11,"minecraft:glow_berries":3,"minecraft:mutton":7,"minecraft:rail":1,"minecraft:white_wool":6,"minecraft:cobblestone":182,"minecraft:feather":1,"minecraft:golden_carrot":5,"minecraft:glow_ink_sac":1,"minecraft:andesite":12,"minecraft:leather":1,"minecraft:smoker":1,"minecraft:tuff":9,"minecraft:oak_log":42,"minecraft:yellow_bed":2,"minecraft:gunpowder":2,"minecraft:lapis_lazuli":6,"minecraft:dirt":78,"minecraft:white_banner":1,"minecraft:cooked_mutton":1,"minecraft:bone":3,"minecraft:wheat_seeds":12,"minecraft:raw_gold":9,"minecraft:oak_planks":16,"minecraft:iron_sword":1,"minecraft:diamond":1,"minecraft:stone_axe":1,"minecraft:granite":12,"minecraft:crossbow":1,"minecraft:gray_wool":1,"minecraft:emerald":2,"minecraft:bread":27,"minecraft:oak_sapling":6,"minecraft:coal":14,"minecraft:sunflower":4,"minecraft:diamond_pickaxe":1},"minecraft:custom":{"minecraft:interact_with_smithing_table":1,"minecraft:mob_kills":42,"minecraft:interact_with_crafting_table":47,"minecraft:bell_ring":2,"minecraft:eat_cake_slice":4,"minecraft:leave_game":3,"minecraft:time_since_death":75923,"minecraft:sprint_one_cm":688783,"minecraft:walk_one_cm":854079,"minecraft:damage_blocked_by_shield":2035,"minecraft:drop":50,"minecraft:talked_to_villager":7,"minecraft:play_time":248392,"minecraft:deaths":19,"minecraft:sneak_time":6837,"minecraft:walk_under_water_one_cm":19626,"minecraft:boat_one_cm":151017,"minecraft:jump":2692,"minecraft:walk_on_water_one_cm":62700,"minecraft:total_world_time":248392,"minecraft:interact_with_furnace":22,"minecraft:raid_trigger":1,"minecraft:sleep_in_bed":13,"minecraft:time_since_rest":11972,"minecraft:damage_taken":6862,"minecraft:damage_dealt":7842,"minecraft:swim_one_cm":26692,"minecraft:fly_one_cm":340402,"minecraft:open_chest":28,"minecraft:crouch_one_cm":15388,"minecraft:interact_with_smoker":10,"minecraft:fall_one_cm":81610}},"DataVersion":4082}