{"stats":{"minecraft:dropped":{"minecraft:crafting_table":1,"minecraft:rotten_flesh":4,"minecraft:leather":1,"minecraft:granite":1,"minecraft:dirt":15},"minecraft:used":{"minecraft:cooked_mutton":8,"minecraft:stone_sword":29,"minecraft:stone_pickaxe":120,"minecraft:oak_planks":10,"minecraft:shield":15,"minecraft:chest":1,"minecraft:wooden_pickaxe":26,"minecraft:iron_sword":150,"minecraft:rotten_flesh":2,"minecraft:white_wool":1,"minecraft:torch":24,"minecraft:glow_berries":4,"minecraft:dirt":19,"minecraft:crafting_table":5,"minecraft:carrot":1,"minecraft:tuff":9,"minecraft:granite":9,"minecraft:oak_log":8,"minecraft:wooden_axe":17,"minecraft:diamond_pickaxe":24,"minecraft:stone_axe":40,"minecraft:cobblestone":6,"minecraft:furnace":2,"minecraft:porkchop":1,"minecraft:andesite":2,"minecraft:yellow_bed":1,"minecraft:cobbled_deepslate":46},"minecraft:crafted":{"minecraft:oak_planks":52,"minecraft:crafting_table":5,"minecraft:wooden_pickaxe":1,"minecraft:iron_sword":1,"minecraft:furnace":2,"minecraft:yellow_bed":1,"minecraft:cooked_mutton":7,"minecraft:white_wool":1,"minecraft:iron_chestplate":1,"minecraft:yellow_dye":4,"minecraft:stick":16,"minecraft:iron_ingot":12,"minecraft:stone_pickaxe":1,"minecraft:wooden_axe":1,"minecraft:stone_sword":1,"minecraft:chest":1,"minecraft:white_bed":1,"minecraft:torch":24},"minecraft:killed":{"minecraft:pig":6,"minecraft:wandering_trader":1,"minecraft:skeleton":2,"minecraft:sheep":5,"minecraft:trader_llama":1,"minecraft:pillager":1,"minecraft:zombie":5,"minecraft:chicken":1},"minecraft:killed_by":{"minecraft:skeleton":4,"minecraft:zombie":10,"minecraft:enderman":1},"minecraft:mined":{"minecraft:deepslate_redstone_ore":5,"minecraft:tuff":10,"minecraft:deepslate_diamond_ore":1,"minecraft:smoker":1,"minecraft:dandelion":1,"minecraft:oak_fence":10,"minecraft:crafting_table":2,"minecraft:torch":6,"minecraft:granite":13,"minecraft:short_grass":45,"minecraft:grass_block":6,"minecraft:tall_grass":3,"minecraft:deepslate_gold_ore":9,"minecraft:oak_planks":14,"minecraft:diorite":3,"minecraft:wall_torch":5,"minecraft:furnace":1,"minecraft:iron_ore":9,"minecraft:cobbled_deepslate":3,"minecraft:birch_leaves":1,"minecraft:andesite":2,"minecraft:orange_tulip":1,"minecraft:yellow_bed":1,"minecraft:deepslate_lapis_ore":1,"minecraft:coal_ore":10,"minecraft:red_tulip":1,"minecraft:oak_log":28,"minecraft:deepslate_iron_ore":4,"minecraft:rail":2,"minecraft:sunflower":7,"minecraft:dirt":5,"minecraft:cobweb":5,"minecraft:stone":32,"minecraft:white_tulip":1,"minecraft:white_wool":1,"minecraft:oak_leaves":7,"minecraft:deepslate":52},"minecraft:custom":{"minecraft:interact_with_furnace":18,"minecraft:mob_kills":27,"minecraft:interact_with_crafting_table":28,"minecraft:leave_game":1,"minecraft:time_since_death":27485,"minecraft:sleep_in_bed":2,"minecraft:time_since_rest":17397,"minecraft:sprint_one_cm":335577,"minecraft:damage_taken":5270,"minecraft:walk_one_cm":444522,"minecraft:damage_blocked_by_shield":450,"minecraft:drop":22,"minecraft:damage_dealt":4266,"minecraft:talked_to_villager":2,"minecraft:swim_one_cm":18663,"minecraft:fly_one_cm":140764,"minecraft:open_chest":16,"minecraft:crouch_one_cm":3872,"minecraft:play_time":135452,"minecraft:deaths":18,"minecraft:sneak_time":3775,"minecraft:walk_under_water_one_cm":14479,"minecraft:jump":1414,"minecraft:walk_on_water_one_cm":53466,"minecraft:interact_with_smoker":6,"minecraft:total_world_time":135452,"minecraft:fall_one_cm":43527},"minecraft:picked_up":{"minecraft:crafting_table":2,"minecraft:feather":1,"minecraft:chicken":1,"minecraft:golden_carrot":5,"minecraft:glow_ink_sac":1,"minecraft:andesite":4,"minecraft:leather":1,"minecraft:lead":1,"minecraft:smoker":1,"minecraft:tuff":9,"minecraft:oak_log":34,"minecraft:yellow_bed":1,"minecraft:shield":1,"minecraft:lapis_lazuli":6,"minecraft:string":7,"minecraft:dirt":35,"minecraft:cooked_mutton":1,"minecraft:bone":2,"minecraft:wheat_seeds":4,"minecraft:cobbled_deepslate":54,"minecraft:raw_gold":9,"minecraft:oak_planks":16,"minecraft:egg":2,"minecraft:stick":2,"minecraft:raw_iron":13,"minecraft:oak_fence":10,"minecraft:torch":12,"minecraft:porkchop":10,"minecraft:diorite":3,"minecraft:carrot":1,"minecraft:redstone":23,"minecraft:arrow":2,"minecraft:rotten_flesh":14,"minecraft:diamond":1,"minecraft:red_tulip":1,"minecraft:granite":12,"minecraft:gray_wool":1,"minecraft:oak_sapling":3,"minecraft:rail":1,"minecraft:glow_berries":3,"minecraft:mutton":7,"minecraft:coal":11,"minecraft:diamond_pickaxe":1,"minecraft:white_wool":5,"minecraft:cobblestone":37,"minecraft:sunflower":4}},"DataVersion":4082}