{"stats":{"minecraft:dropped":{"minecraft:iron_ingot":9,"minecraft:iron_sword":1,"minecraft:wheat_seeds":7,"minecraft:crafting_table":1,"minecraft:lead":1,"minecraft:leather":1,"minecraft:granite":1,"minecraft:rail":1,"minecraft:coal":3,"minecraft:dirt":38,"minecraft:diorite":3,"minecraft:white_banner":1,"minecraft:iron_pickaxe":1,"minecraft:dark_oak_planks":1,"minecraft:white_wool":1,"minecraft:bone":2,"minecraft:stone_axe":2,"minecraft:rotten_flesh":13,"minecraft:stone_stairs":4,"minecraft:poppy":6,"minecraft:stone":53,"minecraft:iron_chestplate":1,"minecraft:andesite":7,"minecraft:beetroot_seeds":3,"minecraft:oak_sapling":1,"minecraft:wooden_pickaxe":1,"minecraft:stone_brick_stairs":1},"minecraft:killed":{"minecraft:zombified_piglin":1,"minecraft:spider":2,"minecraft:skeleton":5,"minecraft:bee":1,"minecraft:chicken":1,"minecraft:pig":6,"minecraft:salmon":5,"minecraft:rabbit":1,"minecraft:wandering_trader":1,"minecraft:creeper":3,"minecraft:sheep":11,"minecraft:trader_llama":1,"minecraft:pillager":9,"minecraft:zombie":11},"minecraft:custom":{"minecraft:interact_with_smithing_table":1,"minecraft:mob_kills":69,"minecraft:interact_with_crafting_table":71,"minecraft:bell_ring":2,"minecraft:eat_cake_slice":4,"minecraft:leave_game":5,"minecraft:time_since_death":1994,"minecraft:climb_one_cm":935,"minecraft:sprint_one_cm":1039935,"minecraft:walk_one_cm":1330445,"minecraft:damage_blocked_by_shield":2622,"minecraft:drop":110,"minecraft:talked_to_villager":7,"minecraft:play_time":395273,"minecraft:deaths":24,"minecraft:sneak_time":8486,"minecraft:walk_under_water_one_cm":21472,"minecraft:boat_one_cm":151017,"minecraft:jump":4199,"minecraft:walk_on_water_one_cm":71907,"minecraft:total_world_time":395273,"minecraft:interact_with_furnace":34,"minecraft:raid_trigger":1,"minecraft:interact_with_stonecutter":6,"minecraft:sleep_in_bed":16,"minecraft:time_since_rest":1096,"minecraft:damage_taken":8993,"minecraft:damage_dealt":11029,"minecraft:swim_one_cm":27184,"minecraft:fly_one_cm":556583,"minecraft:open_chest":54,"minecraft:crouch_one_cm":21921,"minecraft:interact_with_smoker":18,"minecraft:fall_one_cm":119624},"minecraft:picked_up":{"minecraft:iron_chestplate":1,"minecraft:crafting_table":2,"minecraft:wheat":2,"minecraft:azure_bluet":4,"minecraft:ominous_bottle":1,"minecraft:chicken":1,"minecraft:lead":2,"minecraft:wooden_pickaxe":1,"minecraft:shield":1,"minecraft:amethyst_block":2,"minecraft:string":8,"minecraft:iron_leggings":1,"minecraft:beetroot":2,"minecraft:cobbled_deepslate":54,"minecraft:gold_nugget":92,"minecraft:bucket":1,"minecraft:beef":3,"minecraft:poppy":6,"minecraft:sugar_cane":7,"minecraft:egg":2,"minecraft:stick":10,"minecraft:raw_iron":22,"minecraft:oak_fence":10,"minecraft:torch":16,"minecraft:porkchop":10,"minecraft:diorite":6,"minecraft:carrot":5,"minecraft:redstone":23,"minecraft:dark_oak_planks":1,"minecraft:rotten_flesh":25,"minecraft:arrow":3,"minecraft:diamond_chestplate":1,"minecraft:beetroot_seeds":6,"minecraft:red_tulip":1,"minecraft:gold_ingot":6,"minecraft:mutton":16,"minecraft:glow_berries":3,"minecraft:obsidian":12,"minecraft:rail":1,"minecraft:white_wool":7,"minecraft:cobblestone":365,"minecraft:feather":1,"minecraft:golden_carrot":5,"minecraft:salmon":5,"minecraft:glow_ink_sac":1,"minecraft:andesite":12,"minecraft:leather":1,"minecraft:smoker":1,"minecraft:flint":1,"minecraft:tuff":9,"minecraft:oak_log":118,"minecraft:yellow_bed":2,"minecraft:gunpowder":3,"minecraft:lapis_lazuli":6,"minecraft:dirt":131,"minecraft:white_banner":1,"minecraft:cooked_mutton":1,"minecraft:bone":4,"minecraft:apple":1,"minecraft:wheat_seeds":38,"minecraft:raw_gold":9,"minecraft:iron_ingot":3,"minecraft:rabbit":1,"minecraft:iron_sword":1,"minecraft:oak_planks":17,"minecraft:pumpkin":11,"minecraft:cooked_porkchop":1,"minecraft:quartz":8,"minecraft:gravel":2,"minecraft:sand":11,"minecraft:crying_obsidian":2,"minecraft:spectral_arrow":18,"minecraft:diamond":1,"minecraft:stone_axe":1,"minecraft:crossbow":1,"minecraft:granite":12,"minecraft:gray_wool":1,"minecraft:emerald":2,"minecraft:bread":29,"minecraft:oak_sapling":9,"minecraft:netherrack":200,"minecraft:coal":45,"minecraft:diamond_pickaxe":1,"minecraft:sunflower":4},"minecraft:used":{"minecraft:beetroot":2,"minecraft:stone_sword":29,"minecraft:flint_and_steel":1,"minecraft:chest":3,"minecraft:shield":90,"minecraft:iron_sword":339,"minecraft:rotten_flesh":4,"minecraft:netherrack":191,"minecraft:iron_chestplate":1,"minecraft:torch":28,"minecraft:dirt":116,"minecraft:mutton":1,"minecraft:carrot":6,"minecraft:tuff":9,"minecraft:granite":9,"minecraft:obsidian":7,"minecraft:wooden_axe":17,"minecraft:lava_bucket":1,"minecraft:golden_sword":41,"minecraft:ominous_bottle":1,"minecraft:furnace":3,"minecraft:beetroot_seeds":3,"minecraft:cooked_beef":3,"minecraft:cobbled_deepslate":46,"minecraft:wheat_seeds":25,"minecraft:cooked_mutton":10,"minecraft:water_bucket":25,"minecraft:amethyst_block":1,"minecraft:rabbit":1,"minecraft:stone_pickaxe":513,"minecraft:oak_planks":58,"minecraft:wooden_pickaxe":26,"minecraft:white_wool":1,"minecraft:glow_berries":4,"minecraft:golden_hoe":92,"minecraft:crafting_table":8,"minecraft:crossbow":14,"minecraft:smoker":1,"minecraft:oak_log":63,"minecraft:diamond_pickaxe":193,"minecraft:apple":1,"minecraft:chicken":1,"minecraft:bread":34,"minecraft:iron_pickaxe":13,"minecraft:stone_axe":249,"minecraft:cobblestone":21,"minecraft:porkchop":3,"minecraft:cooked_porkchop":8,"minecraft:bucket":26,"minecraft:andesite":5,"minecraft:yellow_bed":3},"minecraft:broken":{"minecraft:golden_helmet":1,"minecraft:stone_pickaxe":3,"minecraft:golden_sword":1,"minecraft:stone_axe":1,"minecraft:iron_sword":1},"minecraft:crafted":{"minecraft:oak_planks":148,"minecraft:stone_brick_wall":3,"minecraft:furnace":3,"minecraft:stone":68,"minecraft:yellow_bed":1,"minecraft:cooked_mutton":15,"minecraft:flint_and_steel":1,"minecraft:stone_stairs":5,"minecraft:stone_brick_slab":6,"minecraft:iron_boots":1,"minecraft:stone_pickaxe":4,"minecraft:chest":3,"minecraft:chiseled_stone_bricks":2,"minecraft:golden_helmet":1,"minecraft:golden_sword":1,"minecraft:cooked_beef":3,"minecraft:cooked_porkchop":7,"minecraft:crafting_table":7,"minecraft:wooden_pickaxe":1,"minecraft:iron_sword":2,"minecraft:oak_wood":3,"minecraft:stone_axe":3,"minecraft:stone_brick_stairs":1,"minecraft:white_wool":1,"minecraft:iron_chestplate":1,"minecraft:yellow_dye":4,"minecraft:stick":28,"minecraft:stone_slab":2,"minecraft:iron_ingot":23,"minecraft:iron_pickaxe":1,"minecraft:wooden_axe":1,"minecraft:stone_sword":1,"minecraft:gold_ingot":9,"minecraft:white_bed":1,"minecraft:torch":28},"minecraft:killed_by":{"minecraft:player":1,"minecraft:zombified_piglin":1,"minecraft:enderman":1,"minecraft:skeleton":5,"minecraft:zombie":11},"minecraft:mined":{"minecraft:nether_gold_ore":25,"minecraft:tuff":10,"minecraft:deepslate_diamond_ore":1,"minecraft:obsidian":12,"minecraft:granite":13,"minecraft:grass_block":96,"minecraft:furnace":1,"minecraft:carrots":1,"minecraft:cobbled_deepslate":3,"minecraft:iron_ore":18,"minecraft:fire":16,"minecraft:andesite":10,"minecraft:pumpkin":11,"minecraft:deepslate_lapis_ore":1,"minecraft:red_tulip":1,"minecraft:deepslate_iron_ore":4,"minecraft:rail":2,"minecraft:stone":356,"minecraft:white_tulip":1,"minecraft:white_wool":2,"minecraft:cake":1,"minecraft:deepslate_redstone_ore":5,"minecraft:smoker":1,"minecraft:dandelion":2,"minecraft:oak_fence":10,"minecraft:crafting_table":2,"minecraft:torch":9,"minecraft:short_grass":176,"minecraft:emerald_ore":2,"minecraft:poppy":4,"minecraft:cobblestone":4,"minecraft:nether_quartz_ore":5,"minecraft:tall_grass":22,"minecraft:deepslate_gold_ore":9,"minecraft:sugar_cane":5,"minecraft:oak_planks":15,"minecraft:diorite":3,"minecraft:wall_torch":6,"minecraft:amethyst_block":2,"minecraft:seagrass":2,"minecraft:wheat":7,"minecraft:birch_leaves":1,"minecraft:bee_nest":1,"minecraft:orange_tulip":1,"minecraft:yellow_bed":2,"minecraft:coal_ore":44,"minecraft:oak_log":113,"minecraft:beetroots":2,"minecraft:sunflower":7,"minecraft:gravel":6,"minecraft:dirt":21,"minecraft:cobweb":5,"minecraft:netherrack":137,"minecraft:oak_leaves":28,"minecraft:deepslate":52}},"DataVersion":4082}