{"stats":{"minecraft:used":{"minecraft:stone_sword":29,"minecraft:chest":1,"minecraft:shield":63,"minecraft:iron_sword":263,"minecraft:rotten_flesh":2,"minecraft:torch":24,"minecraft:dirt":19,"minecraft:carrot":1,"minecraft:tuff":9,"minecraft:granite":9,"minecraft:wooden_axe":17,"minecraft:furnace":2,"minecraft:cobbled_deepslate":46,"minecraft:cooked_mutton":8,"minecraft:amethyst_block":1,"minecraft:stone_pickaxe":120,"minecraft:oak_planks":10,"minecraft:wooden_pickaxe":26,"minecraft:white_wool":1,"minecraft:glow_berries":4,"minecraft:crafting_table":5,"minecraft:smoker":1,"minecraft:oak_log":8,"minecraft:diamond_pickaxe":27,"minecraft:stone_axe":40,"minecraft:cobblestone":6,"minecraft:porkchop":3,"minecraft:cooked_porkchop":7,"minecraft:andesite":2,"minecraft:yellow_bed":3},"minecraft:dropped":{"minecraft:iron_ingot":1,"minecraft:iron_sword":1,"minecraft:crafting_table":1,"minecraft:leather":1,"minecraft:granite":1,"minecraft:dirt":15,"minecraft:rotten_flesh":6,"minecraft:iron_chestplate":1,"minecraft:wooden_pickaxe":1},"minecraft:crafted":{"minecraft:oak_planks":52,"minecraft:furnace":2,"minecraft:yellow_bed":1,"minecraft:cooked_mutton":7,"minecraft:iron_boots":1,"minecraft:stone_pickaxe":1,"minecraft:chest":1,"minecraft:golden_helmet":1,"minecraft:cooked_porkchop":7,"minecraft:crafting_table":5,"minecraft:wooden_pickaxe":1,"minecraft:iron_sword":1,"minecraft:white_wool":1,"minecraft:iron_chestplate":1,"minecraft:yellow_dye":4,"minecraft:stick":16,"minecraft:iron_ingot":12,"minecraft:wooden_axe":1,"minecraft:stone_sword":1,"minecraft:white_bed":1,"minecraft:torch":24},"minecraft:killed":{"minecraft:skeleton":2,"minecraft:chicken":1,"minecraft:pig":6,"minecraft:wandering_trader":1,"minecraft:sheep":5,"minecraft:trader_llama":1,"minecraft:pillager":7,"minecraft:zombie":6},"minecraft:killed_by":{"minecraft:enderman":1,"minecraft:skeleton":4,"minecraft:zombie":10},"minecraft:mined":{"minecraft:tuff":10,"minecraft:deepslate_diamond_ore":1,"minecraft:granite":13,"minecraft:grass_block":6,"minecraft:furnace":1,"minecraft:iron_ore":9,"minecraft:cobbled_deepslate":3,"minecraft:andesite":2,"minecraft:deepslate_lapis_ore":1,"minecraft:red_tulip":1,"minecraft:deepslate_iron_ore":4,"minecraft:rail":2,"minecraft:white_tulip":1,"minecraft:stone":32,"minecraft:white_wool":2,"minecraft:cake":1,"minecraft:deepslate_redstone_ore":5,"minecraft:smoker":1,"minecraft:dandelion":1,"minecraft:oak_fence":10,"minecraft:crafting_table":2,"minecraft:torch":6,"minecraft:short_grass":54,"minecraft:tall_grass":5,"minecraft:deepslate_gold_ore":9,"minecraft:oak_planks":14,"minecraft:diorite":3,"minecraft:wall_torch":5,"minecraft:amethyst_block":2,"minecraft:birch_leaves":1,"minecraft:orange_tulip":1,"minecraft:yellow_bed":2,"minecraft:oak_log":28,"minecraft:coal_ore":10,"minecraft:sunflower":7,"minecraft:dirt":5,"minecraft:cobweb":5,"minecraft:oak_leaves":7,"minecraft:deepslate":52},"minecraft:picked_up":{"minecraft:crafting_table":2,"minecraft:iron_chestplate":1,"minecraft:ominous_bottle":1,"minecraft:chicken":1,"minecraft:lead":1,"minecraft:wooden_pickaxe":1,"minecraft:shield":1,"minecraft:amethyst_block":2,"minecraft:string":7,"minecraft:iron_leggings":1,"minecraft:cobbled_deepslate":54,"minecraft:bucket":1,"minecraft:beef":3,"minecraft:egg":2,"minecraft:raw_iron":13,"minecraft:stick":2,"minecraft:oak_fence":10,"minecraft:torch":12,"minecraft:porkchop":10,"minecraft:diorite":3,"minecraft:carrot":1,"minecraft:redstone":23,"minecraft:dark_oak_planks":1,"minecraft:rotten_flesh":16,"minecraft:arrow":2,"minecraft:diamond_chestplate":1,"minecraft:red_tulip":1,"minecraft:gold_ingot":6,"minecraft:glow_berries":3,"minecraft:mutton":7,"minecraft:white_wool":6,"minecraft:rail":1,"minecraft:cobblestone":37,"minecraft:feather":1,"minecraft:golden_carrot":5,"minecraft:glow_ink_sac":1,"minecraft:andesite":4,"minecraft:leather":1,"minecraft:smoker":1,"minecraft:tuff":9,"minecraft:oak_log":34,"minecraft:yellow_bed":2,"minecraft:lapis_lazuli":6,"minecraft:dirt":35,"minecraft:white_banner":1,"minecraft:cooked_mutton":1,"minecraft:bone":2,"minecraft:wheat_seeds":6,"minecraft:raw_gold":9,"minecraft:oak_planks":16,"minecraft:iron_sword":1,"minecraft:diamond":1,"minecraft:granite":12,"minecraft:gray_wool":1,"minecraft:bread":4,"minecraft:oak_sapling":3,"minecraft:coal":11,"minecraft:sunflower":4,"minecraft:diamond_pickaxe":1},"minecraft:custom":{"minecraft:interact_with_smithing_table":1,"minecraft:mob_kills":35,"minecraft:interact_with_crafting_table":35,"minecraft:eat_cake_slice":3,"minecraft:leave_game":1,"minecraft:time_since_death":51485,"minecraft:sprint_one_cm":394769,"minecraft:walk_one_cm":567676,"minecraft:damage_blocked_by_shield":1825,"minecraft:drop":27,"minecraft:talked_to_villager":2,"minecraft:play_time":159452,"minecraft:deaths":18,"minecraft:sneak_time":6321,"minecraft:walk_under_water_one_cm":14500,"minecraft:jump":1538,"minecraft:walk_on_water_one_cm":54456,"minecraft:total_world_time":159452,"minecraft:interact_with_furnace":18,"minecraft:sleep_in_bed":4,"minecraft:time_since_rest":171,"minecraft:damage_taken":5876,"minecraft:damage_dealt":6517,"minecraft:swim_one_cm":25982,"minecraft:fly_one_cm":158120,"minecraft:open_chest":23,"minecraft:crouch_one_cm":13638,"minecraft:interact_with_smoker":10,"minecraft:fall_one_cm":47305}},"DataVersion":4082}