{"stats":{"minecraft:dropped":{"minecraft:crafting_table":1},"minecraft:used":{"minecraft:oak_log":4,"minecraft:wooden_axe":17,"minecraft:stone_sword":14,"minecraft:wooden_pickaxe":21,"minecraft:crafting_table":2,"minecraft:furnace":1,"minecraft:porkchop":1},"minecraft:crafted":{"minecraft:oak_planks":20,"minecraft:crafting_table":2,"minecraft:stick":4,"minecraft:wooden_pickaxe":1,"minecraft:wooden_axe":1,"minecraft:stone_sword":1,"minecraft:furnace":1},"minecraft:killed":{"minecraft:sheep":3,"minecraft:pig":1},"minecraft:killed_by":{"minecraft:skeleton":2,"minecraft:enderman":1},"minecraft:mined":{"minecraft:birch_leaves":1,"minecraft:orange_tulip":1,"minecraft:crafting_table":1,"minecraft:short_grass":10,"minecraft:red_tulip":1,"minecraft:oak_log":26,"minecraft:sunflower":1,"minecraft:white_tulip":1,"minecraft:stone":16,"minecraft:oak_leaves":7},"minecraft:picked_up":{"minecraft:stick":2,"minecraft:crafting_table":1,"minecraft:golden_carrot":5,"minecraft:porkchop":1,"minecraft:oak_log":32,"minecraft:cooked_mutton":1,"minecraft:wheat_seeds":2,"minecraft:red_tulip":1,"minecraft:gray_wool":1,"minecraft:oak_sapling":3,"minecraft:mutton":3,"minecraft:white_wool":2,"minecraft:cobblestone":16,"minecraft:egg":1},"minecraft:custom":{"minecraft:time_since_rest":13171,"minecraft:interact_with_furnace":1,"minecraft:sprint_one_cm":76596,"minecraft:damage_taken":879,"minecraft:walk_one_cm":72103,"minecraft:mob_kills":4,"minecraft:drop":1,"minecraft:damage_dealt":657,"minecraft:interact_with_crafting_table":4,"minecraft:swim_one_cm":11216,"minecraft:fly_one_cm":18092,"minecraft:open_chest":1,"minecraft:crouch_one_cm":232,"minecraft:play_time":24000,"minecraft:deaths":3,"minecraft:sneak_time":33,"minecraft:walk_under_water_one_cm":553,"minecraft:jump":177,"minecraft:time_since_death":13135,"minecraft:walk_on_water_one_cm":26119,"minecraft:total_world_time":24000,"minecraft:fall_one_cm":1976}},"DataVersion":4082}