{"stats":{"minecraft:dropped":{"minecraft:iron_sword":1,"minecraft:crafting_table":1,"minecraft:crossbow":1,"minecraft:warped_roots":1,"minecraft:leather":1,"minecraft:rail":1,"minecraft:dirt":42,"minecraft:sand":24,"minecraft:iron_pickaxe":1,"minecraft:dark_oak_planks":1,"minecraft:white_wool":1,"minecraft:bone":7,"minecraft:gravel":8,"minecraft:stone_axe":3,"minecraft:iron_nugget":2,"minecraft:twisting_vines":5,"minecraft:wheat":1,"minecraft:pointed_dripstone":1,"minecraft:rotten_flesh":23,"minecraft:oak_planks":2,"minecraft:stone_stairs":4,"minecraft:poppy":6,"minecraft:beetroot_seeds":5,"minecraft:warped_wart_block":4,"minecraft:stone_brick_stairs":1,"minecraft:iron_ingot":11,"minecraft:wheat_seeds":16,"minecraft:oak_fence":6,"minecraft:lead":1,"minecraft:granite":1,"minecraft:coal":3,"minecraft:stick":3,"minecraft:diorite":3,"minecraft:golden_hoe":1,"minecraft:white_banner":1,"minecraft:stone":53,"minecraft:oak_button":1,"minecraft:iron_chestplate":1,"minecraft:andesite":7,"minecraft:oak_sapling":1,"minecraft:wooden_pickaxe":1},"minecraft:killed":{"minecraft:zombified_piglin":1,"minecraft:spider":7,"minecraft:skeleton":12,"minecraft:bee":1,"minecraft:chicken":3,"minecraft:magma_cube":3,"minecraft:pig":7,"minecraft:salmon":5,"minecraft:creeper":4,"minecraft:sheep":13,"minecraft:trader_llama":1,"minecraft:pillager":10,"minecraft:zombie":24,"minecraft:rabbit":1,"minecraft:wandering_trader":1,"minecraft:enderman":7},"minecraft:custom":{"minecraft:animals_bred":4,"minecraft:interact_with_crafting_table":121,"minecraft:bell_ring":3,"minecraft:eat_cake_slice":4,"minecraft:leave_game":8,"minecraft:time_since_death":9195,"minecraft:sprint_one_cm":1886419,"minecraft:damage_blocked_by_shield":3597,"minecraft:drop":168,"minecraft:talked_to_villager":10,"minecraft:play_time":619490,"minecraft:deaths":35,"minecraft:jump":6806,"minecraft:walk_on_water_one_cm":96333,"minecraft:interact_with_furnace":51,"minecraft:sleep_in_bed":18,"minecraft:damage_dealt":19379,"minecraft:crouch_one_cm":24948,"minecraft:interact_with_smoker":25,"minecraft:horse_one_cm":20951,"minecraft:interact_with_smithing_table":1,"minecraft:mob_kills":113,"minecraft:climb_one_cm":5341,"minecraft:walk_one_cm":2289703,"minecraft:raid_win":1,"minecraft:sneak_time":9625,"minecraft:walk_under_water_one_cm":33228,"minecraft:boat_one_cm":151017,"minecraft:total_world_time":619490,"minecraft:raid_trigger":1,"minecraft:interact_with_stonecutter":7,"minecraft:time_since_rest":9231,"minecraft:damage_taken":13156,"minecraft:swim_one_cm":29322,"minecraft:fly_one_cm":892385,"minecraft:open_chest":84,"minecraft:fall_one_cm":196902},"minecraft:picked_up":{"minecraft:iron_chestplate":1,"minecraft:wheat":67,"minecraft:lead":4,"minecraft:potion":2,"minecraft:nether_brick":15,"minecraft:amethyst_block":2,"minecraft:string":15,"minecraft:iron_leggings":1,"minecraft:beetroot":7,"minecraft:diamond_leggings":1,"minecraft:gold_nugget":125,"minecraft:cobbled_deepslate":54,"minecraft:bucket":1,"minecraft:iron_boots":1,"minecraft:stick":13,"minecraft:oak_fence":19,"minecraft:torch":17,"minecraft:porkchop":11,"minecraft:pointed_dripstone":1,"minecraft:diorite":6,"minecraft:rotten_flesh":35,"minecraft:red_tulip":1,"minecraft:obsidian":14,"minecraft:cobblestone":365,"minecraft:feather":1,"minecraft:andesite":12,"minecraft:smoker":1,"minecraft:flint":3,"minecraft:tuff":9,"minecraft:lapis_lazuli":6,"minecraft:dirt":254,"minecraft:twisting_vines":5,"minecraft:bone":13,"minecraft:wheat_seeds":216,"minecraft:raw_gold":9,"minecraft:rabbit":2,"minecraft:oak_planks":24,"minecraft:cooked_porkchop":1,"minecraft:warped_wart_block":4,"minecraft:sand":50,"minecraft:grass_block":2,"minecraft:spectral_arrow":18,"minecraft:diamond":1,"minecraft:crossbow":2,"minecraft:granite":12,"minecraft:bread":29,"minecraft:emerald":2,"minecraft:oak_sapling":10,"minecraft:netherrack":237,"minecraft:diamond_pickaxe":1,"minecraft:crafting_table":2,"minecraft:allium":15,"minecraft:ominous_bottle":1,"minecraft:azure_bluet":4,"minecraft:splash_potion":1,"minecraft:chicken":3,"minecraft:wooden_pickaxe":1,"minecraft:shield":1,"minecraft:beef":3,"minecraft:iron_nugget":22,"minecraft:poppy":17,"minecraft:sugar_cane":7,"minecraft:egg":2,"minecraft:raw_iron":28,"minecraft:carrot":19,"minecraft:redstone":31,"minecraft:dark_oak_planks":1,"minecraft:arrow":17,"minecraft:diamond_chestplate":1,"minecraft:beetroot_seeds":17,"minecraft:golden_hoe":1,"minecraft:gold_ingot":6,"minecraft:glow_berries":3,"minecraft:mutton":17,"minecraft:white_wool":7,"minecraft:rail":1,"minecraft:basalt":2,"minecraft:golden_carrot":5,"minecraft:glow_ink_sac":1,"minecraft:salmon":5,"minecraft:leather":1,"minecraft:oak_log":192,"minecraft:yellow_bed":2,"minecraft:gunpowder":5,"minecraft:white_banner":4,"minecraft:cooked_mutton":1,"minecraft:apple":2,"minecraft:stone_bricks":1,"minecraft:oak_fence_gate":1,"minecraft:iron_ingot":5,"minecraft:iron_sword":1,"minecraft:pumpkin":11,"minecraft:stone_brick_slab":4,"minecraft:quartz":8,"minecraft:gravel":34,"minecraft:crying_obsidian":4,"minecraft:stone_axe":2,"minecraft:gray_wool":1,"minecraft:warped_roots":1,"minecraft:warped_nylium":1,"minecraft:coal":45,"minecraft:ender_pearl":10,"minecraft:sunflower":4},"minecraft:used":{"minecraft:beetroot":7,"minecraft:oak_sign":2,"minecraft:chest":3,"minecraft:shield":115,"minecraft:iron_sword":577,"minecraft:rotten_flesh":4,"minecraft:iron_chestplate":1,"minecraft:mutton":2,"minecraft:carrot":25,"minecraft:tuff":9,"minecraft:obsidian":7,"minecraft:lava_bucket":1,"minecraft:stone_bricks":1,"minecraft:golden_sword":41,"minecraft:ominous_bottle":1,"minecraft:oak_sapling":4,"minecraft:furnace":3,"minecraft:beetroot_seeds":12,"minecraft:stone_pickaxe":513,"minecraft:oak_planks":98,"minecraft:wooden_pickaxe":26,"minecraft:white_wool":1,"minecraft:glow_berries":4,"minecraft:golden_hoe":98,"minecraft:sand":14,"minecraft:crossbow":39,"minecraft:bread":45,"minecraft:andesite":5,"minecraft:bone_meal":59,"minecraft:oak_fence":48,"minecraft:stone_sword":29,"minecraft:flint_and_steel":1,"minecraft:cooked_salmon":5,"minecraft:netherrack":225,"minecraft:torch":34,"minecraft:dirt":244,"minecraft:oak_wood":3,"minecraft:granite":9,"minecraft:oak_fence_gate":3,"minecraft:stone_brick_slab":4,"minecraft:wooden_axe":17,"minecraft:iron_boots":2,"minecraft:goat_horn":3,"minecraft:cooked_beef":3,"minecraft:cobbled_deepslate":46,"minecraft:wheat_seeds":168,"minecraft:cooked_mutton":16,"minecraft:water_bucket":73,"minecraft:amethyst_block":1,"minecraft:rabbit":2,"minecraft:glass_bottle":3,"minecraft:glow_ink_sac":1,"minecraft:crafting_table":9,"minecraft:smoker":1,"minecraft:oak_log":103,"minecraft:wooden_hoe":49,"minecraft:diamond_pickaxe":261,"minecraft:apple":1,"minecraft:chicken":3,"minecraft:iron_pickaxe":29,"minecraft:stone_axe":379,"minecraft:cobblestone":21,"minecraft:cooked_porkchop":8,"minecraft:porkchop":4,"minecraft:bucket":74,"minecraft:pumpkin_pie":1,"minecraft:yellow_bed":3,"minecraft:diamond_leggings":1},"minecraft:broken":{"minecraft:golden_helmet":2,"minecraft:stone_pickaxe":3,"minecraft:golden_sword":1,"minecraft:stone_axe":2,"minecraft:iron_sword":2,"minecraft:shield":1,"minecraft:wooden_hoe":1},"minecraft:crafted":{"minecraft:oak_planks":260,"minecraft:oak_sign":3,"minecraft:stone":68,"minecraft:cooked_mutton":15,"minecraft:glass":7,"minecraft:stone_brick_slab":6,"minecraft:iron_boots":1,"minecraft:chest":3,"minecraft:oak_button":1,"minecraft:chiseled_stone_bricks":2,"minecraft:oak_fence":36,"minecraft:golden_sword":1,"minecraft:glass_bottle":3,"minecraft:cooked_porkchop":7,"minecraft:crafting_table":8,"minecraft:wooden_pickaxe":1,"minecraft:oak_wood":3,"minecraft:stone_brick_stairs":1,"minecraft:wooden_hoe":1,"minecraft:iron_chestplate":1,"minecraft:yellow_dye":4,"minecraft:stick":64,"minecraft:stone_slab":2,"minecraft:iron_ingot":30,"minecraft:iron_pickaxe":2,"minecraft:stone_sword":1,"minecraft:gold_ingot":22,"minecraft:stone_brick_wall":3,"minecraft:furnace":3,"minecraft:yellow_bed":1,"minecraft:bone_meal":12,"minecraft:flint_and_steel":1,"minecraft:stone_stairs":5,"minecraft:stone_pickaxe":4,"minecraft:golden_helmet":2,"minecraft:cooked_beef":3,"minecraft:sugar":1,"minecraft:iron_sword":2,"minecraft:cooked_salmon":5,"minecraft:stone_axe":4,"minecraft:bread":16,"minecraft:oak_fence_gate":2,"minecraft:white_wool":1,"minecraft:wooden_axe":1,"minecraft:white_bed":1,"minecraft:pumpkin_pie":1,"minecraft:torch":28},"minecraft:killed_by":{"minecraft:zombified_piglin":1,"minecraft:ravager":1,"minecraft:piglin":1,"minecraft:zombie":14,"minecraft:player":1,"minecraft:spider":1,"minecraft:enderman":3,"minecraft:skeleton":5},"minecraft:mined":{"minecraft:obsidian":12,"minecraft:granite":14,"minecraft:grass_block":158,"minecraft:cobbled_deepslate":3,"minecraft:iron_ore":24,"minecraft:fire":18,"minecraft:pumpkin":11,"minecraft:deepslate_lapis_ore":1,"minecraft:azure_bluet":2,"minecraft:red_tulip":1,"minecraft:pointed_dripstone":1,"minecraft:deepslate_redstone_ore":5,"minecraft:smoker":1,"minecraft:twisting_vines_plant":1,"minecraft:torch":10,"minecraft:poppy":15,"minecraft:nether_quartz_ore":5,"minecraft:cobblestone":4,"minecraft:oak_planks":20,"minecraft:sugar_cane":5,"minecraft:wall_torch":6,"minecraft:amethyst_block":2,"minecraft:seagrass":2,"minecraft:warped_nylium":23,"minecraft:wheat":79,"minecraft:orange_tulip":1,"minecraft:oak_log":187,"minecraft:beetroots":9,"minecraft:oak_fence_gate":1,"minecraft:sand":23,"minecraft:dirt":52,"minecraft:netherrack":150,"minecraft:oak_leaves":55,"minecraft:deepslate":52,"minecraft:nether_gold_ore":32,"minecraft:tuff":10,"minecraft:deepslate_diamond_ore":1,"minecraft:allium":15,"minecraft:furnace":1,"minecraft:carrots":11,"minecraft:andesite":10,"minecraft:potatoes":2,"minecraft:deepslate_iron_ore":4,"minecraft:rail":2,"minecraft:white_tulip":1,"minecraft:stone":359,"minecraft:white_wool":2,"minecraft:cake":1,"minecraft:basalt":2,"minecraft:stone_brick_slab":3,"minecraft:dandelion":2,"minecraft:oak_fence":15,"minecraft:crafting_table":2,"minecraft:short_grass":216,"minecraft:emerald_ore":2,"minecraft:tall_grass":32,"minecraft:deepslate_gold_ore":9,"minecraft:diorite":3,"minecraft:warped_wart_block":1,"minecraft:birch_leaves":1,"minecraft:yellow_bed":2,"minecraft:bee_nest":1,"minecraft:coal_ore":44,"minecraft:sunflower":7,"minecraft:gravel":32,"minecraft:cobweb":5}},"DataVersion":4082}