{"stats":{"minecraft:used":{"minecraft:wooden_axe":14,"minecraft:crafting_table":1,"minecraft:porkchop":1,"minecraft:wooden_pickaxe":5},"minecraft:crafted":{"minecraft:oak_planks":20,"minecraft:crafting_table":1,"minecraft:stick":4,"minecraft:wooden_pickaxe":1,"minecraft:wooden_axe":1},"minecraft:killed":{"minecraft:pig":1},"minecraft:killed_by":{"minecraft:skeleton":2,"minecraft:enderman":1},"minecraft:mined":{"minecraft:short_grass":3,"minecraft:red_tulip":1,"minecraft:oak_log":24,"minecraft:white_tulip":1,"minecraft:birch_leaves":1,"minecraft:orange_tulip":1,"minecraft:oak_leaves":7},"minecraft:picked_up":{"minecraft:wheat_seeds":1,"minecraft:porkchop":1,"minecraft:red_tulip":1,"minecraft:oak_log":24,"minecraft:egg":1},"minecraft:custom":{"minecraft:time_since_rest":1171,"minecraft:deaths":3,"minecraft:crouch_one_cm":218,"minecraft:play_time":12000,"minecraft:sprint_one_cm":45933,"minecraft:damage_taken":754,"minecraft:walk_one_cm":34258,"minecraft:sneak_time":29,"minecraft:mob_kills":1,"minecraft:jump":100,"minecraft:damage_dealt":457,"minecraft:walk_on_water_one_cm":19278,"minecraft:time_since_death":1135,"minecraft:total_world_time":12000,"minecraft:interact_with_crafting_table":2,"minecraft:fall_one_cm":1707,"minecraft:fly_one_cm":10085}},"DataVersion":4082}