{"stats":{"minecraft:dropped":{"minecraft:iron_ingot":11,"minecraft:iron_sword":1,"minecraft:wheat_seeds":11,"minecraft:crafting_table":1,"minecraft:lead":1,"minecraft:warped_roots":1,"minecraft:leather":1,"minecraft:granite":1,"minecraft:rail":1,"minecraft:coal":3,"minecraft:stick":3,"minecraft:dirt":42,"minecraft:diorite":3,"minecraft:white_banner":1,"minecraft:iron_pickaxe":1,"minecraft:dark_oak_planks":1,"minecraft:white_wool":1,"minecraft:bone":2,"minecraft:gravel":8,"minecraft:stone_axe":2,"minecraft:iron_nugget":2,"minecraft:twisting_vines":5,"minecraft:rotten_flesh":13,"minecraft:stone_stairs":4,"minecraft:poppy":6,"minecraft:stone":53,"minecraft:iron_chestplate":1,"minecraft:andesite":7,"minecraft:beetroot_seeds":3,"minecraft:oak_sapling":1,"minecraft:wooden_pickaxe":1,"minecraft:warped_wart_block":4,"minecraft:stone_brick_stairs":1},"minecraft:killed":{"minecraft:zombified_piglin":1,"minecraft:spider":4,"minecraft:skeleton":7,"minecraft:bee":1,"minecraft:chicken":1,"minecraft:magma_cube":3,"minecraft:pig":6,"minecraft:salmon":5,"minecraft:rabbit":1,"minecraft:wandering_trader":1,"minecraft:creeper":4,"minecraft:sheep":12,"minecraft:trader_llama":1,"minecraft:pillager":9,"minecraft:zombie":13,"minecraft:enderman":7},"minecraft:custom":{"minecraft:interact_with_smithing_table":1,"minecraft:mob_kills":88,"minecraft:interact_with_crafting_table":89,"minecraft:bell_ring":3,"minecraft:eat_cake_slice":4,"minecraft:leave_game":5,"minecraft:time_since_death":40695,"minecraft:climb_one_cm":5341,"minecraft:sprint_one_cm":1458457,"minecraft:walk_one_cm":1709746,"minecraft:damage_blocked_by_shield":3597,"minecraft:drop":135,"minecraft:talked_to_villager":7,"minecraft:play_time":497273,"minecraft:deaths":29,"minecraft:sneak_time":9556,"minecraft:walk_under_water_one_cm":30197,"minecraft:boat_one_cm":151017,"minecraft:jump":5295,"minecraft:walk_on_water_one_cm":90117,"minecraft:total_world_time":497273,"minecraft:interact_with_furnace":35,"minecraft:raid_trigger":1,"minecraft:interact_with_stonecutter":7,"minecraft:sleep_in_bed":16,"minecraft:time_since_rest":40739,"minecraft:damage_taken":11290,"minecraft:damage_dealt":15287,"minecraft:swim_one_cm":29322,"minecraft:fly_one_cm":715593,"minecraft:open_chest":64,"minecraft:crouch_one_cm":24828,"minecraft:interact_with_smoker":21,"minecraft:fall_one_cm":162014},"minecraft:picked_up":{"minecraft:iron_chestplate":1,"minecraft:crafting_table":2,"minecraft:splash_potion":1,"minecraft:wheat":5,"minecraft:azure_bluet":4,"minecraft:ominous_bottle":1,"minecraft:chicken":1,"minecraft:lead":2,"minecraft:wooden_pickaxe":1,"minecraft:potion":1,"minecraft:nether_brick":15,"minecraft:shield":1,"minecraft:amethyst_block":2,"minecraft:string":12,"minecraft:iron_leggings":1,"minecraft:beetroot":5,"minecraft:diamond_leggings":1,"minecraft:cobbled_deepslate":54,"minecraft:gold_nugget":125,"minecraft:bucket":1,"minecraft:beef":3,"minecraft:iron_nugget":22,"minecraft:poppy":17,"minecraft:sugar_cane":7,"minecraft:iron_boots":1,"minecraft:egg":2,"minecraft:stick":13,"minecraft:raw_iron":22,"minecraft:oak_fence":10,"minecraft:torch":17,"minecraft:porkchop":10,"minecraft:diorite":6,"minecraft:carrot":13,"minecraft:redstone":23,"minecraft:dark_oak_planks":1,"minecraft:rotten_flesh":25,"minecraft:arrow":14,"minecraft:diamond_chestplate":1,"minecraft:beetroot_seeds":10,"minecraft:red_tulip":1,"minecraft:gold_ingot":6,"minecraft:mutton":17,"minecraft:glow_berries":3,"minecraft:obsidian":14,"minecraft:rail":1,"minecraft:white_wool":7,"minecraft:cobblestone":365,"minecraft:feather":1,"minecraft:basalt":2,"minecraft:golden_carrot":5,"minecraft:salmon":5,"minecraft:glow_ink_sac":1,"minecraft:andesite":12,"minecraft:leather":1,"minecraft:smoker":1,"minecraft:flint":1,"minecraft:tuff":9,"minecraft:oak_log":155,"minecraft:yellow_bed":2,"minecraft:gunpowder":5,"minecraft:lapis_lazuli":6,"minecraft:dirt":183,"minecraft:white_banner":3,"minecraft:twisting_vines":5,"minecraft:cooked_mutton":1,"minecraft:bone":5,"minecraft:apple":1,"minecraft:stone_bricks":1,"minecraft:wheat_seeds":81,"minecraft:raw_gold":9,"minecraft:iron_ingot":5,"minecraft:rabbit":1,"minecraft:iron_sword":1,"minecraft:oak_planks":22,"minecraft:pumpkin":11,"minecraft:cooked_porkchop":1,"minecraft:stone_brick_slab":4,"minecraft:warped_wart_block":4,"minecraft:quartz":8,"minecraft:gravel":10,"minecraft:sand":20,"minecraft:grass_block":2,"minecraft:crying_obsidian":4,"minecraft:spectral_arrow":18,"minecraft:diamond":1,"minecraft:stone_axe":1,"minecraft:crossbow":1,"minecraft:granite":12,"minecraft:gray_wool":1,"minecraft:warped_roots":1,"minecraft:emerald":2,"minecraft:bread":29,"minecraft:warped_nylium":1,"minecraft:oak_sapling":9,"minecraft:netherrack":236,"minecraft:coal":45,"minecraft:ender_pearl":10,"minecraft:diamond_pickaxe":1,"minecraft:sunflower":4},"minecraft:used":{"minecraft:beetroot":5,"minecraft:stone_sword":29,"minecraft:flint_and_steel":1,"minecraft:chest":3,"minecraft:shield":115,"minecraft:iron_sword":460,"minecraft:cooked_salmon":5,"minecraft:rotten_flesh":4,"minecraft:netherrack":225,"minecraft:iron_chestplate":1,"minecraft:torch":29,"minecraft:dirt":169,"minecraft:mutton":2,"minecraft:carrot":12,"minecraft:oak_wood":3,"minecraft:tuff":9,"minecraft:granite":9,"minecraft:obsidian":7,"minecraft:stone_brick_slab":4,"minecraft:wooden_axe":17,"minecraft:lava_bucket":1,"minecraft:stone_bricks":1,"minecraft:golden_sword":41,"minecraft:ominous_bottle":1,"minecraft:oak_sapling":3,"minecraft:furnace":3,"minecraft:beetroot_seeds":7,"minecraft:cooked_beef":3,"minecraft:cobbled_deepslate":46,"minecraft:wheat_seeds":70,"minecraft:cooked_mutton":16,"minecraft:water_bucket":54,"minecraft:amethyst_block":1,"minecraft:rabbit":1,"minecraft:stone_pickaxe":513,"minecraft:oak_planks":94,"minecraft:wooden_pickaxe":26,"minecraft:white_wool":1,"minecraft:glow_berries":4,"minecraft:golden_hoe":92,"minecraft:crafting_table":9,"minecraft:crossbow":23,"minecraft:smoker":1,"minecraft:oak_log":98,"minecraft:wooden_hoe":32,"minecraft:diamond_pickaxe":245,"minecraft:apple":1,"minecraft:chicken":1,"minecraft:bread":35,"minecraft:iron_pickaxe":13,"minecraft:stone_axe":292,"minecraft:cobblestone":21,"minecraft:porkchop":3,"minecraft:cooked_porkchop":8,"minecraft:bucket":55,"minecraft:andesite":5,"minecraft:pumpkin_pie":1,"minecraft:yellow_bed":3,"minecraft:diamond_leggings":1,"minecraft:bone_meal":3},"minecraft:broken":{"minecraft:golden_helmet":1,"minecraft:stone_pickaxe":3,"minecraft:shield":1,"minecraft:golden_sword":1,"minecraft:stone_axe":2,"minecraft:iron_sword":1},"minecraft:crafted":{"minecraft:oak_planks":172,"minecraft:stone_brick_wall":3,"minecraft:furnace":3,"minecraft:stone":68,"minecraft:yellow_bed":1,"minecraft:bone_meal":3,"minecraft:cooked_mutton":15,"minecraft:flint_and_steel":1,"minecraft:stone_stairs":5,"minecraft:stone_brick_slab":6,"minecraft:iron_boots":1,"minecraft:stone_pickaxe":4,"minecraft:chest":3,"minecraft:chiseled_stone_bricks":2,"minecraft:golden_helmet":2,"minecraft:golden_sword":1,"minecraft:cooked_beef":3,"minecraft:sugar":1,"minecraft:cooked_porkchop":7,"minecraft:crafting_table":8,"minecraft:wooden_pickaxe":1,"minecraft:iron_sword":2,"minecraft:cooked_salmon":5,"minecraft:oak_wood":3,"minecraft:stone_axe":3,"minecraft:bread":1,"minecraft:stone_brick_stairs":1,"minecraft:wooden_hoe":1,"minecraft:white_wool":1,"minecraft:iron_chestplate":1,"minecraft:yellow_dye":4,"minecraft:stick":28,"minecraft:stone_slab":2,"minecraft:iron_ingot":25,"minecraft:iron_pickaxe":1,"minecraft:wooden_axe":1,"minecraft:stone_sword":1,"minecraft:gold_ingot":22,"minecraft:white_bed":1,"minecraft:pumpkin_pie":1,"minecraft:torch":28},"minecraft:killed_by":{"minecraft:player":1,"minecraft:zombified_piglin":1,"minecraft:enderman":3,"minecraft:piglin":1,"minecraft:skeleton":5,"minecraft:zombie":11},"minecraft:mined":{"minecraft:nether_gold_ore":32,"minecraft:tuff":10,"minecraft:deepslate_diamond_ore":1,"minecraft:obsidian":12,"minecraft:granite":13,"minecraft:grass_block":116,"minecraft:furnace":1,"minecraft:carrots":5,"minecraft:cobbled_deepslate":3,"minecraft:iron_ore":18,"minecraft:fire":18,"minecraft:andesite":10,"minecraft:pumpkin":11,"minecraft:deepslate_lapis_ore":1,"minecraft:potatoes":2,"minecraft:red_tulip":1,"minecraft:deepslate_iron_ore":4,"minecraft:rail":2,"minecraft:stone":356,"minecraft:white_tulip":1,"minecraft:white_wool":2,"minecraft:cake":1,"minecraft:deepslate_redstone_ore":5,"minecraft:twisting_vines_plant":1,"minecraft:smoker":1,"minecraft:basalt":2,"minecraft:stone_brick_slab":3,"minecraft:dandelion":2,"minecraft:oak_fence":10,"minecraft:crafting_table":2,"minecraft:torch":10,"minecraft:short_grass":190,"minecraft:emerald_ore":2,"minecraft:poppy":14,"minecraft:cobblestone":4,"minecraft:nether_quartz_ore":5,"minecraft:tall_grass":26,"minecraft:deepslate_gold_ore":9,"minecraft:sugar_cane":5,"minecraft:oak_planks":20,"minecraft:diorite":3,"minecraft:wall_torch":6,"minecraft:amethyst_block":2,"minecraft:warped_wart_block":1,"minecraft:seagrass":2,"minecraft:warped_nylium":23,"minecraft:wheat":12,"minecraft:birch_leaves":1,"minecraft:bee_nest":1,"minecraft:orange_tulip":1,"minecraft:yellow_bed":2,"minecraft:coal_ore":44,"minecraft:oak_log":150,"minecraft:beetroots":5,"minecraft:sand":9,"minecraft:sunflower":7,"minecraft:gravel":6,"minecraft:dirt":33,"minecraft:cobweb":5,"minecraft:netherrack":150,"minecraft:oak_leaves":33,"minecraft:deepslate":52}},"DataVersion":4082}