{"stats":{"minecraft:dropped":{"minecraft:iron_sword":1,"minecraft:warped_fungus":2,"minecraft:oak_log":21,"minecraft:crafting_table":1,"minecraft:crossbow":1,"minecraft:warped_roots":7,"minecraft:leather":9,"minecraft:rail":1,"minecraft:dirt":54,"minecraft:gold_nugget":98,"minecraft:sand":24,"minecraft:iron_pickaxe":2,"minecraft:dark_oak_planks":1,"minecraft:white_wool":5,"minecraft:gold_ingot":13,"minecraft:bone":7,"minecraft:gravel":8,"minecraft:stone_axe":3,"minecraft:blackstone":10,"minecraft:iron_nugget":2,"minecraft:nether_brick":2,"minecraft:twisting_vines":5,"minecraft:wheat":1,"minecraft:pointed_dripstone":55,"minecraft:rotten_flesh":32,"minecraft:oak_planks":6,"minecraft:stone_stairs":4,"minecraft:poppy":6,"minecraft:quartz_block":1,"minecraft:beetroot_seeds":5,"minecraft:ladder":3,"minecraft:basalt":1,"minecraft:warped_wart_block":4,"minecraft:stone_brick_stairs":1,"minecraft:netherrack":24,"minecraft:iron_ingot":11,"minecraft:bread":6,"minecraft:wheat_seeds":16,"minecraft:oak_fence":7,"minecraft:lead":1,"minecraft:granite":1,"minecraft:coal":4,"minecraft:stick":7,"minecraft:blue_dye":2,"minecraft:diorite":3,"minecraft:potion":3,"minecraft:golden_hoe":1,"minecraft:white_banner":1,"minecraft:string":2,"minecraft:stone":53,"minecraft:oak_button":1,"minecraft:iron_chestplate":1,"minecraft:andesite":7,"minecraft:oak_sapling":5,"minecraft:wooden_pickaxe":1},"minecraft:killed":{"minecraft:zombified_piglin":1,"minecraft:spider":10,"minecraft:skeleton":14,"minecraft:bee":3,"minecraft:chicken":3,"minecraft:magma_cube":12,"minecraft:pig":7,"minecraft:salmon":5,"minecraft:creeper":5,"minecraft:sheep":13,"minecraft:trader_llama":1,"minecraft:pillager":10,"minecraft:zombie":29,"minecraft:rabbit":1,"minecraft:wandering_trader":1,"minecraft:enderman":11},"minecraft:custom":{"minecraft:animals_bred":4,"minecraft:interact_with_crafting_table":161,"minecraft:bell_ring":3,"minecraft:eat_cake_slice":4,"minecraft:leave_game":11,"minecraft:time_since_death":71218,"minecraft:sprint_one_cm":2440298,"minecraft:damage_blocked_by_shield":3912,"minecraft:drop":280,"minecraft:talked_to_villager":10,"minecraft:play_time":798326,"minecraft:deaths":43,"minecraft:jump":8625,"minecraft:walk_on_water_one_cm":98827,"minecraft:interact_with_furnace":52,"minecraft:sleep_in_bed":20,"minecraft:damage_dealt":23294,"minecraft:crouch_one_cm":25211,"minecraft:interact_with_smoker":27,"minecraft:horse_one_cm":23450,"minecraft:interact_with_smithing_table":1,"minecraft:mob_kills":139,"minecraft:climb_one_cm":10677,"minecraft:walk_one_cm":2855314,"minecraft:raid_win":1,"minecraft:sneak_time":10025,"minecraft:walk_under_water_one_cm":34424,"minecraft:boat_one_cm":151017,"minecraft:interact_with_blast_furnace":4,"minecraft:total_world_time":798326,"minecraft:raid_trigger":1,"minecraft:interact_with_stonecutter":8,"minecraft:time_since_rest":71264,"minecraft:damage_taken":15867,"minecraft:swim_one_cm":36918,"minecraft:fly_one_cm":1168115,"minecraft:open_chest":106,"minecraft:fall_one_cm":252868},"minecraft:picked_up":{"minecraft:iron_chestplate":1,"minecraft:wheat":111,"minecraft:lead":5,"minecraft:potion":7,"minecraft:nether_brick":17,"minecraft:amethyst_block":2,"minecraft:string":17,"minecraft:iron_leggings":1,"minecraft:oak_sign":1,"minecraft:beetroot":11,"minecraft:diamond_leggings":1,"minecraft:gold_nugget":319,"minecraft:cobbled_deepslate":54,"minecraft:bucket":1,"minecraft:iron_pickaxe":1,"minecraft:iron_boots":1,"minecraft:stick":19,"minecraft:oak_fence":19,"minecraft:torch":19,"minecraft:porkchop":11,"minecraft:pointed_dripstone":55,"minecraft:diorite":6,"minecraft:warped_planks":1,"minecraft:quartz_block":5,"minecraft:rotten_flesh":53,"minecraft:blue_dye":2,"minecraft:red_tulip":1,"minecraft:obsidian":21,"minecraft:cobblestone":576,"minecraft:feather":1,"minecraft:cooked_beef":3,"minecraft:warped_fungus_on_a_stick":1,"minecraft:andesite":12,"minecraft:smoker":1,"minecraft:flint":5,"minecraft:tuff":9,"minecraft:lapis_lazuli":6,"minecraft:dirt":301,"minecraft:twisting_vines":5,"minecraft:bone":14,"minecraft:wheat_seeds":404,"minecraft:raw_gold":9,"minecraft:rabbit":2,"minecraft:oak_planks":39,"minecraft:cooked_porkchop":6,"minecraft:warped_wart_block":5,"minecraft:sand":50,"minecraft:grass_block":2,"minecraft:spectral_arrow":27,"minecraft:diamond":1,"minecraft:crossbow":2,"minecraft:granite":12,"minecraft:bread":32,"minecraft:emerald":2,"minecraft:oak_sapling":20,"minecraft:netherrack":284,"minecraft:diamond_pickaxe":1,"minecraft:crafting_table":2,"minecraft:allium":15,"minecraft:splash_potion":1,"minecraft:azure_bluet":4,"minecraft:ominous_bottle":1,"minecraft:chicken":3,"minecraft:ladder":5,"minecraft:wooden_pickaxe":1,"minecraft:shield":1,"minecraft:blackstone":11,"minecraft:beef":3,"minecraft:iron_nugget":66,"minecraft:poppy":22,"minecraft:minecart":1,"minecraft:sugar_cane":7,"minecraft:egg":2,"minecraft:raw_iron":38,"minecraft:oak_door":1,"minecraft:fire_charge":3,"minecraft:carrot":19,"minecraft:redstone":31,"minecraft:dark_oak_planks":1,"minecraft:arrow":20,"minecraft:diamond_chestplate":1,"minecraft:beetroot_seeds":31,"minecraft:golden_hoe":1,"minecraft:gold_ingot":33,"minecraft:glow_berries":3,"minecraft:mutton":17,"minecraft:rail":1,"minecraft:white_wool":11,"minecraft:basalt":10,"minecraft:golden_carrot":5,"minecraft:glow_ink_sac":1,"minecraft:salmon":5,"minecraft:leather":12,"minecraft:oak_log":253,"minecraft:yellow_bed":3,"minecraft:gunpowder":5,"minecraft:white_banner":4,"minecraft:cooked_mutton":1,"minecraft:apple":2,"minecraft:stone_bricks":1,"minecraft:iron_ingot":5,"minecraft:oak_fence_gate":1,"minecraft:iron_sword":1,"minecraft:soul_sand":47,"minecraft:warped_fungus":3,"minecraft:pumpkin":11,"minecraft:stone_brick_slab":4,"minecraft:quartz":8,"minecraft:gravel":76,"minecraft:crying_obsidian":21,"minecraft:spider_eye":1,"minecraft:stone_axe":2,"minecraft:gray_wool":1,"minecraft:warped_roots":7,"minecraft:warped_nylium":1,"minecraft:coal":75,"minecraft:ender_pearl":15,"minecraft:sunflower":4},"minecraft:used":{"minecraft:beetroot":11,"minecraft:ladder":2,"minecraft:poppy":5,"minecraft:oak_sign":4,"minecraft:chest":3,"minecraft:shield":122,"minecraft:stone":3,"minecraft:iron_sword":686,"minecraft:rotten_flesh":5,"minecraft:iron_chestplate":1,"minecraft:soul_sand":4,"minecraft:mutton":2,"minecraft:carrot":25,"minecraft:tuff":9,"minecraft:obsidian":14,"minecraft:lava_bucket":1,"minecraft:quartz_block":3,"minecraft:stone_bricks":1,"minecraft:golden_sword":48,"minecraft:warped_fungus":1,"minecraft:ominous_bottle":1,"minecraft:oak_sapling":10,"minecraft:furnace":3,"minecraft:beetroot_seeds":26,"minecraft:stone_pickaxe":532,"minecraft:oak_planks":218,"minecraft:blackstone":1,"minecraft:wooden_pickaxe":26,"minecraft:blue_bed":1,"minecraft:white_wool":1,"minecraft:glow_berries":4,"minecraft:golden_hoe":102,"minecraft:sand":14,"minecraft:crossbow":39,"minecraft:crying_obsidian":6,"minecraft:bread":61,"minecraft:golden_helmet":1,"minecraft:fire_charge":1,"minecraft:andesite":5,"minecraft:bone_meal":62,"minecraft:oak_fence":52,"minecraft:stone_sword":29,"minecraft:flint_and_steel":11,"minecraft:cooked_salmon":5,"minecraft:netherrack":259,"minecraft:oak_door":3,"minecraft:torch":57,"minecraft:dirt":266,"minecraft:oak_wood":3,"minecraft:golden_chestplate":1,"minecraft:granite":9,"minecraft:oak_fence_gate":3,"minecraft:stone_brick_slab":4,"minecraft:wooden_axe":17,"minecraft:iron_boots":3,"minecraft:diamond_chestplate":1,"minecraft:basalt":7,"minecraft:goat_horn":8,"minecraft:cooked_beef":6,"minecraft:cobbled_deepslate":46,"minecraft:wheat_seeds":211,"minecraft:cooked_mutton":16,"minecraft:water_bucket":73,"minecraft:amethyst_block":1,"minecraft:rabbit":2,"minecraft:glass_bottle":3,"minecraft:glow_ink_sac":1,"minecraft:crafting_table":11,"minecraft:smoker":1,"minecraft:oak_log":103,"minecraft:wooden_hoe":49,"minecraft:diamond_pickaxe":261,"minecraft:apple":2,"minecraft:chicken":3,"minecraft:iron_pickaxe":265,"minecraft:stone_axe":494,"minecraft:cobblestone":95,"minecraft:potion":1,"minecraft:cooked_porkchop":8,"minecraft:white_banner":3,"minecraft:porkchop":4,"minecraft:bucket":74,"minecraft:pumpkin_pie":1,"minecraft:yellow_bed":3,"minecraft:diamond_leggings":2},"minecraft:broken":{"minecraft:golden_helmet":2,"minecraft:iron_boots":1,"minecraft:stone_pickaxe":3,"minecraft:golden_sword":2,"minecraft:stone_axe":4,"minecraft:iron_sword":2,"minecraft:shield":1,"minecraft:iron_pickaxe":1,"minecraft:wooden_hoe":1},"minecraft:crafted":{"minecraft:oak_planks":420,"minecraft:oak_sign":6,"minecraft:stone":68,"minecraft:cooked_mutton":15,"minecraft:glass":7,"minecraft:stone_brick_slab":6,"minecraft:iron_boots":1,"minecraft:chest":3,"minecraft:oak_button":1,"minecraft:chiseled_stone_bricks":2,"minecraft:oak_fence":42,"minecraft:golden_sword":1,"minecraft:glass_bottle":3,"minecraft:cooked_porkchop":7,"minecraft:crafting_table":10,"minecraft:wooden_pickaxe":1,"minecraft:oak_wood":3,"minecraft:stone_brick_stairs":1,"minecraft:wooden_hoe":1,"minecraft:iron_chestplate":1,"minecraft:yellow_dye":4,"minecraft:shield":1,"minecraft:stick":88,"minecraft:stone_slab":2,"minecraft:iron_ingot":41,"minecraft:iron_pickaxe":2,"minecraft:stone_sword":1,"minecraft:gold_ingot":34,"minecraft:oak_door":3,"minecraft:stone_brick_wall":3,"minecraft:furnace":3,"minecraft:yellow_bed":1,"minecraft:bone_meal":15,"minecraft:stone_stairs":5,"minecraft:flint_and_steel":2,"minecraft:stone_pickaxe":5,"minecraft:golden_helmet":3,"minecraft:cooked_beef":7,"minecraft:sugar":1,"minecraft:iron_sword":3,"minecraft:blue_bed":1,"minecraft:cooked_salmon":5,"minecraft:stone_axe":5,"minecraft:bread":30,"minecraft:blue_dye":3,"minecraft:oak_fence_gate":2,"minecraft:white_wool":1,"minecraft:wooden_axe":1,"minecraft:white_bed":1,"minecraft:pumpkin_pie":1,"minecraft:torch":76},"minecraft:mined":{"minecraft:obsidian":12,"minecraft:granite":14,"minecraft:grass_block":161,"minecraft:cobbled_deepslate":3,"minecraft:iron_ore":34,"minecraft:fire":26,"minecraft:pumpkin":11,"minecraft:deepslate_lapis_ore":1,"minecraft:azure_bluet":4,"minecraft:red_tulip":1,"minecraft:pointed_dripstone":6,"minecraft:oak_sign":1,"minecraft:deepslate_redstone_ore":5,"minecraft:blackstone":1,"minecraft:twisting_vines_plant":1,"minecraft:smoker":1,"minecraft:torch":11,"minecraft:poppy":19,"minecraft:nether_quartz_ore":5,"minecraft:cobblestone":9,"minecraft:oak_planks":36,"minecraft:sugar_cane":5,"minecraft:wall_torch":7,"minecraft:amethyst_block":2,"minecraft:seagrass":2,"minecraft:warped_nylium":24,"minecraft:wheat":129,"minecraft:orange_tulip":1,"minecraft:warped_fungus":1,"minecraft:oak_log":227,"minecraft:beetroots":13,"minecraft:oak_fence_gate":1,"minecraft:sand":23,"minecraft:dirt":83,"minecraft:netherrack":185,"minecraft:oak_leaves":82,"minecraft:deepslate":52,"minecraft:nether_gold_ore":60,"minecraft:tuff":10,"minecraft:deepslate_diamond_ore":1,"minecraft:oak_door":1,"minecraft:allium":16,"minecraft:furnace":1,"minecraft:carrots":11,"minecraft:nether_sprouts":1,"minecraft:andesite":10,"minecraft:potatoes":2,"minecraft:deepslate_iron_ore":4,"minecraft:rail":2,"minecraft:white_tulip":1,"minecraft:stone":473,"minecraft:white_wool":2,"minecraft:cake":1,"minecraft:soul_sand":4,"minecraft:basalt":9,"minecraft:stone_brick_slab":3,"minecraft:dandelion":2,"minecraft:oak_fence":15,"minecraft:crafting_table":2,"minecraft:short_grass":231,"minecraft:emerald_ore":2,"minecraft:warped_roots":1,"minecraft:tall_grass":36,"minecraft:deepslate_gold_ore":9,"minecraft:diorite":3,"minecraft:warped_wart_block":2,"minecraft:birch_leaves":1,"minecraft:yellow_bed":3,"minecraft:bee_nest":2,"minecraft:coal_ore":73,"minecraft:sunflower":7,"minecraft:gravel":32,"minecraft:cobweb":5},"minecraft:killed_by":{"minecraft:zombified_piglin":1,"minecraft:ravager":1,"minecraft:piglin":1,"minecraft:zombie":14,"minecraft:player":1,"minecraft:spider":2,"minecraft:enderman":4,"minecraft:skeleton":5}},"DataVersion":4082}