{"stats":{"minecraft:dropped":{"minecraft:crafting_table":1},"minecraft:used":{"minecraft:cooked_mutton":5,"minecraft:stone_sword":29,"minecraft:stone_pickaxe":40,"minecraft:oak_planks":10,"minecraft:chest":1,"minecraft:wooden_pickaxe":26,"minecraft:iron_sword":30,"minecraft:torch":21,"minecraft:dirt":12,"minecraft:crafting_table":3,"minecraft:granite":9,"minecraft:oak_log":8,"minecraft:wooden_axe":17,"minecraft:furnace":1,"minecraft:porkchop":1,"minecraft:andesite":2,"minecraft:yellow_bed":1},"minecraft:crafted":{"minecraft:oak_planks":52,"minecraft:crafting_table":3,"minecraft:wooden_pickaxe":1,"minecraft:iron_sword":1,"minecraft:furnace":1,"minecraft:yellow_bed":1,"minecraft:cooked_mutton":4,"minecraft:iron_chestplate":1,"minecraft:yellow_dye":4,"minecraft:stick":16,"minecraft:iron_ingot":11,"minecraft:stone_pickaxe":1,"minecraft:wooden_axe":1,"minecraft:stone_sword":1,"minecraft:chest":1,"minecraft:white_bed":1,"minecraft:torch":24},"minecraft:killed":{"minecraft:pig":1,"minecraft:skeleton":1,"minecraft:sheep":5,"minecraft:zombie":2},"minecraft:killed_by":{"minecraft:skeleton":2,"minecraft:zombie":9,"minecraft:enderman":1},"minecraft:mined":{"minecraft:crafting_table":1,"minecraft:torch":4,"minecraft:granite":12,"minecraft:short_grass":18,"minecraft:grass_block":2,"minecraft:wall_torch":4,"minecraft:iron_ore":9,"minecraft:birch_leaves":1,"minecraft:andesite":2,"minecraft:orange_tulip":1,"minecraft:coal_ore":8,"minecraft:red_tulip":1,"minecraft:oak_log":26,"minecraft:sunflower":6,"minecraft:dirt":2,"minecraft:stone":26,"minecraft:white_tulip":1,"minecraft:oak_leaves":7},"minecraft:custom":{"minecraft:interact_with_furnace":14,"minecraft:mob_kills":13,"minecraft:interact_with_crafting_table":21,"minecraft:leave_game":1,"minecraft:time_since_death":1207,"minecraft:time_since_rest":1241,"minecraft:sprint_one_cm":175257,"minecraft:damage_taken":4289,"minecraft:walk_one_cm":216946,"minecraft:drop":1,"minecraft:damage_dealt":1984,"minecraft:swim_one_cm":16375,"minecraft:fly_one_cm":61946,"minecraft:open_chest":8,"minecraft:crouch_one_cm":243,"minecraft:play_time":75452,"minecraft:deaths":15,"minecraft:sneak_time":96,"minecraft:walk_under_water_one_cm":8574,"minecraft:jump":655,"minecraft:walk_on_water_one_cm":42060,"minecraft:interact_with_smoker":5,"minecraft:total_world_time":75452,"minecraft:fall_one_cm":25559},"minecraft:picked_up":{"minecraft:crafting_table":1,"minecraft:golden_carrot":5,"minecraft:andesite":2,"minecraft:oak_log":32,"minecraft:dirt":13,"minecraft:cooked_mutton":1,"minecraft:bone":2,"minecraft:wheat_seeds":2,"minecraft:egg":1,"minecraft:stick":2,"minecraft:raw_iron":9,"minecraft:torch":8,"minecraft:porkchop":1,"minecraft:arrow":2,"minecraft:rotten_flesh":3,"minecraft:red_tulip":1,"minecraft:granite":11,"minecraft:gray_wool":1,"minecraft:oak_sapling":3,"minecraft:mutton":7,"minecraft:coal":8,"minecraft:white_wool":4,"minecraft:cobblestone":25,"minecraft:sunflower":4}},"DataVersion":4082}