{"stats":{"minecraft:killed":{"minecraft:sheep":3,"minecraft:pig":4,"minecraft:cow":4},"minecraft:custom":{"minecraft:time_since_rest":12952,"minecraft:sprint_one_cm":40836,"minecraft:damage_taken":120,"minecraft:walk_one_cm":26834,"minecraft:mob_kills":11,"minecraft:damage_dealt":1076,"minecraft:interact_with_crafting_table":3,"minecraft:swim_one_cm":1726,"minecraft:fly_one_cm":72252,"minecraft:crouch_one_cm":160,"minecraft:play_time":12952,"minecraft:sneak_time":148,"minecraft:walk_under_water_one_cm":19,"minecraft:jump":351,"minecraft:leave_game":1,"minecraft:walk_on_water_one_cm":5309,"minecraft:time_since_death":12952,"minecraft:total_world_time":12952,"minecraft:fall_one_cm":9822},"minecraft:used":{"minecraft:wooden_axe":4,"minecraft:wooden_pickaxe":16,"minecraft:wooden_sword":32,"minecraft:dirt":5,"minecraft:crafting_table":3,"minecraft:porkchop":3,"minecraft:egg":1},"minecraft:picked_up":{"minecraft:crafting_table":2,"minecraft:leather":5,"minecraft:dandelion":2,"minecraft:porkchop":11,"minecraft:oak_log":11,"minecraft:dirt":7,"minecraft:beef":8,"minecraft:gray_wool":1,"minecraft:mutton":5,"minecraft:white_wool":2,"minecraft:cobblestone":16,"minecraft:egg":1},"minecraft:crafted":{"minecraft:wooden_sword":1,"minecraft:yellow_wool":2,"minecraft:oak_planks":44,"minecraft:yellow_dye":2,"minecraft:crafting_table":1,"minecraft:stick":8,"minecraft:wooden_pickaxe":1,"minecraft:wooden_axe":1},"minecraft:mined":{"minecraft:dandelion":2,"minecraft:crafting_table":2,"minecraft:short_grass":3,"minecraft:grass_block":3,"minecraft:oak_log":11,"minecraft:dirt":4,"minecraft:stone":16,"minecraft:oak_leaves":2}},"DataVersion":4082}