{"stats":{"minecraft:dropped":{"minecraft:iron_ingot":9,"minecraft:iron_sword":1,"minecraft:wheat_seeds":9,"minecraft:crafting_table":1,"minecraft:lead":1,"minecraft:leather":1,"minecraft:granite":1,"minecraft:rail":1,"minecraft:coal":3,"minecraft:dirt":38,"minecraft:diorite":3,"minecraft:white_banner":1,"minecraft:iron_pickaxe":1,"minecraft:dark_oak_planks":1,"minecraft:white_wool":1,"minecraft:bone":2,"minecraft:stone_axe":2,"minecraft:rotten_flesh":13,"minecraft:stone_stairs":4,"minecraft:poppy":6,"minecraft:stone":53,"minecraft:iron_chestplate":1,"minecraft:andesite":7,"minecraft:beetroot_seeds":3,"minecraft:oak_sapling":1,"minecraft:wooden_pickaxe":1,"minecraft:stone_brick_stairs":1},"minecraft:killed":{"minecraft:zombified_piglin":1,"minecraft:spider":4,"minecraft:skeleton":7,"minecraft:bee":1,"minecraft:chicken":1,"minecraft:magma_cube":3,"minecraft:pig":6,"minecraft:salmon":5,"minecraft:rabbit":1,"minecraft:wandering_trader":1,"minecraft:creeper":4,"minecraft:sheep":11,"minecraft:trader_llama":1,"minecraft:pillager":9,"minecraft:zombie":13,"minecraft:enderman":5},"minecraft:custom":{"minecraft:interact_with_smithing_table":1,"minecraft:mob_kills":85,"minecraft:interact_with_crafting_table":83,"minecraft:bell_ring":2,"minecraft:eat_cake_slice":4,"minecraft:leave_game":5,"minecraft:time_since_death":4695,"minecraft:climb_one_cm":3992,"minecraft:sprint_one_cm":1338927,"minecraft:walk_one_cm":1565627,"minecraft:damage_blocked_by_shield":3597,"minecraft:drop":112,"minecraft:talked_to_villager":7,"minecraft:play_time":461273,"minecraft:deaths":29,"minecraft:sneak_time":9461,"minecraft:walk_under_water_one_cm":30014,"minecraft:boat_one_cm":151017,"minecraft:jump":4972,"minecraft:walk_on_water_one_cm":88559,"minecraft:total_world_time":461273,"minecraft:interact_with_furnace":35,"minecraft:raid_trigger":1,"minecraft:interact_with_stonecutter":7,"minecraft:sleep_in_bed":16,"minecraft:time_since_rest":4739,"minecraft:damage_taken":11050,"minecraft:damage_dealt":14408,"minecraft:swim_one_cm":29322,"minecraft:fly_one_cm":663538,"minecraft:open_chest":58,"minecraft:crouch_one_cm":24685,"minecraft:interact_with_smoker":21,"minecraft:fall_one_cm":151628},"minecraft:picked_up":{"minecraft:iron_chestplate":1,"minecraft:crafting_table":2,"minecraft:wheat":2,"minecraft:azure_bluet":4,"minecraft:ominous_bottle":1,"minecraft:chicken":1,"minecraft:lead":2,"minecraft:wooden_pickaxe":1,"minecraft:potion":1,"minecraft:nether_brick":7,"minecraft:shield":1,"minecraft:amethyst_block":2,"minecraft:string":12,"minecraft:iron_leggings":1,"minecraft:beetroot":2,"minecraft:cobbled_deepslate":54,"minecraft:gold_nugget":92,"minecraft:bucket":1,"minecraft:beef":3,"minecraft:poppy":6,"minecraft:sugar_cane":7,"minecraft:egg":2,"minecraft:stick":10,"minecraft:raw_iron":22,"minecraft:oak_fence":10,"minecraft:torch":16,"minecraft:porkchop":10,"minecraft:diorite":6,"minecraft:carrot":5,"minecraft:redstone":23,"minecraft:dark_oak_planks":1,"minecraft:rotten_flesh":25,"minecraft:arrow":7,"minecraft:diamond_chestplate":1,"minecraft:beetroot_seeds":6,"minecraft:red_tulip":1,"minecraft:gold_ingot":6,"minecraft:mutton":16,"minecraft:glow_berries":3,"minecraft:obsidian":12,"minecraft:rail":1,"minecraft:white_wool":7,"minecraft:cobblestone":365,"minecraft:feather":1,"minecraft:basalt":2,"minecraft:golden_carrot":5,"minecraft:salmon":5,"minecraft:glow_ink_sac":1,"minecraft:andesite":12,"minecraft:leather":1,"minecraft:smoker":1,"minecraft:flint":1,"minecraft:tuff":9,"minecraft:oak_log":151,"minecraft:yellow_bed":2,"minecraft:gunpowder":5,"minecraft:lapis_lazuli":6,"minecraft:dirt":147,"minecraft:white_banner":1,"minecraft:twisting_vines":5,"minecraft:cooked_mutton":1,"minecraft:bone":5,"minecraft:apple":1,"minecraft:wheat_seeds":42,"minecraft:raw_gold":9,"minecraft:iron_ingot":3,"minecraft:rabbit":1,"minecraft:iron_sword":1,"minecraft:oak_planks":22,"minecraft:pumpkin":11,"minecraft:cooked_porkchop":1,"minecraft:stone_brick_slab":1,"minecraft:warped_wart_block":1,"minecraft:quartz":8,"minecraft:gravel":2,"minecraft:sand":20,"minecraft:crying_obsidian":2,"minecraft:spectral_arrow":18,"minecraft:diamond":1,"minecraft:stone_axe":1,"minecraft:crossbow":1,"minecraft:granite":12,"minecraft:gray_wool":1,"minecraft:warped_roots":1,"minecraft:emerald":2,"minecraft:bread":29,"minecraft:warped_nylium":1,"minecraft:oak_sapling":9,"minecraft:netherrack":228,"minecraft:coal":45,"minecraft:ender_pearl":3,"minecraft:diamond_pickaxe":1,"minecraft:sunflower":4},"minecraft:used":{"minecraft:beetroot":2,"minecraft:stone_sword":29,"minecraft:flint_and_steel":1,"minecraft:chest":3,"minecraft:shield":115,"minecraft:iron_sword":437,"minecraft:cooked_salmon":4,"minecraft:rotten_flesh":4,"minecraft:netherrack":225,"minecraft:iron_chestplate":1,"minecraft:torch":28,"minecraft:dirt":141,"minecraft:mutton":1,"minecraft:carrot":6,"minecraft:oak_wood":3,"minecraft:tuff":9,"minecraft:granite":9,"minecraft:obsidian":7,"minecraft:stone_brick_slab":1,"minecraft:wooden_axe":17,"minecraft:lava_bucket":1,"minecraft:golden_sword":41,"minecraft:ominous_bottle":1,"minecraft:furnace":3,"minecraft:beetroot_seeds":3,"minecraft:cooked_beef":3,"minecraft:cobbled_deepslate":46,"minecraft:wheat_seeds":25,"minecraft:cooked_mutton":16,"minecraft:water_bucket":41,"minecraft:amethyst_block":1,"minecraft:rabbit":1,"minecraft:stone_pickaxe":513,"minecraft:oak_planks":93,"minecraft:wooden_pickaxe":26,"minecraft:white_wool":1,"minecraft:glow_berries":4,"minecraft:golden_hoe":92,"minecraft:crafting_table":8,"minecraft:crossbow":23,"minecraft:smoker":1,"minecraft:oak_log":94,"minecraft:diamond_pickaxe":228,"minecraft:apple":1,"minecraft:chicken":1,"minecraft:bread":34,"minecraft:iron_pickaxe":13,"minecraft:stone_axe":292,"minecraft:cobblestone":21,"minecraft:porkchop":3,"minecraft:cooked_porkchop":8,"minecraft:bucket":43,"minecraft:andesite":5,"minecraft:yellow_bed":3,"minecraft:bone_meal":3},"minecraft:broken":{"minecraft:golden_helmet":1,"minecraft:stone_pickaxe":3,"minecraft:shield":1,"minecraft:golden_sword":1,"minecraft:stone_axe":2,"minecraft:iron_sword":1},"minecraft:crafted":{"minecraft:oak_planks":172,"minecraft:stone_brick_wall":3,"minecraft:furnace":3,"minecraft:stone":68,"minecraft:yellow_bed":1,"minecraft:bone_meal":3,"minecraft:cooked_mutton":15,"minecraft:flint_and_steel":1,"minecraft:stone_stairs":5,"minecraft:stone_brick_slab":6,"minecraft:iron_boots":1,"minecraft:stone_pickaxe":4,"minecraft:chest":3,"minecraft:chiseled_stone_bricks":2,"minecraft:golden_helmet":2,"minecraft:golden_sword":1,"minecraft:cooked_beef":3,"minecraft:sugar":1,"minecraft:cooked_porkchop":7,"minecraft:crafting_table":7,"minecraft:wooden_pickaxe":1,"minecraft:iron_sword":2,"minecraft:cooked_salmon":5,"minecraft:oak_wood":3,"minecraft:stone_axe":3,"minecraft:stone_brick_stairs":1,"minecraft:white_wool":1,"minecraft:iron_chestplate":1,"minecraft:yellow_dye":4,"minecraft:stick":28,"minecraft:stone_slab":2,"minecraft:iron_ingot":23,"minecraft:iron_pickaxe":1,"minecraft:wooden_axe":1,"minecraft:stone_sword":1,"minecraft:gold_ingot":19,"minecraft:white_bed":1,"minecraft:pumpkin_pie":1,"minecraft:torch":28},"minecraft:killed_by":{"minecraft:player":1,"minecraft:zombified_piglin":1,"minecraft:enderman":3,"minecraft:piglin":1,"minecraft:skeleton":5,"minecraft:zombie":11},"minecraft:mined":{"minecraft:nether_gold_ore":25,"minecraft:tuff":10,"minecraft:deepslate_diamond_ore":1,"minecraft:obsidian":12,"minecraft:granite":13,"minecraft:grass_block":96,"minecraft:furnace":1,"minecraft:carrots":1,"minecraft:cobbled_deepslate":3,"minecraft:iron_ore":18,"minecraft:fire":18,"minecraft:andesite":10,"minecraft:pumpkin":11,"minecraft:deepslate_lapis_ore":1,"minecraft:red_tulip":1,"minecraft:deepslate_iron_ore":4,"minecraft:rail":2,"minecraft:stone":356,"minecraft:white_tulip":1,"minecraft:white_wool":2,"minecraft:cake":1,"minecraft:deepslate_redstone_ore":5,"minecraft:twisting_vines_plant":1,"minecraft:smoker":1,"minecraft:basalt":2,"minecraft:stone_brick_slab":1,"minecraft:dandelion":2,"minecraft:oak_fence":10,"minecraft:crafting_table":2,"minecraft:torch":9,"minecraft:short_grass":183,"minecraft:emerald_ore":2,"minecraft:poppy":5,"minecraft:cobblestone":4,"minecraft:nether_quartz_ore":5,"minecraft:tall_grass":22,"minecraft:deepslate_gold_ore":9,"minecraft:sugar_cane":5,"minecraft:oak_planks":20,"minecraft:diorite":3,"minecraft:wall_torch":6,"minecraft:amethyst_block":2,"minecraft:warped_wart_block":1,"minecraft:seagrass":2,"minecraft:warped_nylium":23,"minecraft:wheat":7,"minecraft:birch_leaves":1,"minecraft:bee_nest":1,"minecraft:orange_tulip":1,"minecraft:yellow_bed":2,"minecraft:coal_ore":44,"minecraft:oak_log":146,"minecraft:beetroots":2,"minecraft:sand":9,"minecraft:sunflower":7,"minecraft:gravel":6,"minecraft:dirt":21,"minecraft:cobweb":5,"minecraft:netherrack":142,"minecraft:oak_leaves":33,"minecraft:deepslate":52}},"DataVersion":4082}