{"stats":{"minecraft:mined":{"minecraft:short_grass":1},"minecraft:used":{"minecraft:debug_stick":8,"minecraft:oak_fence":1,"minecraft:bedrock":1,"minecraft:petrified_oak_slab":9,"minecraft:light":27,"minecraft:sea_lantern":4,"minecraft:command_block":4,"minecraft:red_bed":1,"minecraft:oak_sapling":1,"minecraft:barrier":8,"minecraft:oak_planks":3,"minecraft:end_portal_frame":14},"minecraft:custom":{"minecraft:open_chest":1,"minecraft:time_since_rest":774,"minecraft:crouch_one_cm":50,"minecraft:sprint_one_cm":16566,"minecraft:play_time":23553,"minecraft:damage_taken":260,"minecraft:walk_one_cm":15875,"minecraft:deaths":4,"minecraft:sneak_time":251,"minecraft:walk_under_water_one_cm":6156,"minecraft:jump":67,"minecraft:leave_game":3,"minecraft:walk_on_water_one_cm":130,"minecraft:time_since_death":741,"minecraft:total_world_time":23553,"minecraft:swim_one_cm":4703,"minecraft:fall_one_cm":627,"minecraft:fly_one_cm":18452}},"DataVersion":4082}