{"stats":{"minecraft:dropped":{"minecraft:glow_berries":3,"minecraft:golden_carrot":5,"minecraft:torch":2,"minecraft:orange_bed":1,"minecraft:shield":1,"minecraft:diamond_pickaxe":1},"minecraft:used":{"minecraft:oak_fence":37,"minecraft:tuff_bricks":7,"minecraft:petrified_oak_slab":9,"minecraft:oak_sign":8,"minecraft:chest":1,"minecraft:shield":3,"minecraft:rotten_flesh":3,"minecraft:oak_door":6,"minecraft:debug_stick":8,"minecraft:orange_bed":2,"minecraft:torch":154,"minecraft:dirt":3,"minecraft:carrot":2,"minecraft:waxed_oxidized_copper":1,"minecraft:sea_lantern":4,"minecraft:bedrock":1,"minecraft:birch_button":1,"minecraft:golden_carrot":12,"minecraft:oak_sapling":1,"minecraft:furnace":2,"minecraft:cobbled_deepslate":80,"minecraft:golden_axe":32,"minecraft:golden_boots":1,"minecraft:stone_pickaxe":131,"minecraft:oak_planks":26,"minecraft:wooden_pickaxe":18,"minecraft:diamond_axe":61,"minecraft:glow_ink_sac":8,"minecraft:golden_apple":1,"minecraft:glow_berries":4,"minecraft:crafting_table":6,"minecraft:red_bed":1,"minecraft:smoker":1,"minecraft:oak_log":25,"minecraft:light":27,"minecraft:red_sandstone":1,"minecraft:acacia_sign":1,"minecraft:command_block":6,"minecraft:sunflower":1,"minecraft:bread":4,"minecraft:barrier":24,"minecraft:iron_pickaxe":148,"minecraft:gravel":1,"minecraft:stone_axe":25,"minecraft:diamond_sword":14,"minecraft:fire_charge":1,"minecraft:cobblestone":18,"minecraft:andesite":2,"minecraft:end_portal_frame":14,"minecraft:oak_hanging_sign":4},"minecraft:crafted":{"minecraft:oak_door":3,"minecraft:oak_planks":100,"minecraft:furnace":3,"minecraft:diamond_shovel":1,"minecraft:iron_boots":1,"minecraft:stone_pickaxe":1,"minecraft:chest":1,"minecraft:smoker":1,"minecraft:diamond_sword":1,"minecraft:diamond_axe":1,"minecraft:crafting_table":1,"minecraft:wooden_pickaxe":1,"minecraft:stone_axe":1,"minecraft:air":0,"minecraft:iron_chestplate":1,"minecraft:diamond_pickaxe":1,"minecraft:shield":2,"minecraft:stick":44,"minecraft:iron_ingot":15,"minecraft:iron_pickaxe":1,"minecraft:iron_leggings":1,"minecraft:torch":124,"minecraft:diamond_chestplate":1},"minecraft:broken":{"minecraft:golden_boots":1,"minecraft:stone_pickaxe":1,"minecraft:golden_axe":1},"minecraft:killed":{"minecraft:cave_spider":2,"minecraft:spider":4,"minecraft:skeleton":7,"minecraft:zombie":11,"minecraft:glow_squid":1,"minecraft:enderman":2},"minecraft:mined":{"minecraft:large_amethyst_bud":1,"minecraft:tuff":17,"minecraft:deepslate_diamond_ore":37,"minecraft:oak_door":3,"minecraft:grass_block":2,"minecraft:tuff_bricks":10,"minecraft:spawner":1,"minecraft:waxed_oxidized_cut_copper":1,"minecraft:furnace":1,"minecraft:iron_ore":25,"minecraft:andesite":2,"minecraft:deepslate_iron_ore":18,"minecraft:stone":39,"minecraft:amethyst_cluster":11,"minecraft:crafting_table":5,"minecraft:torch":2,"minecraft:short_grass":1,"minecraft:cobblestone":1,"minecraft:lapis_ore":5,"minecraft:deepslate_gold_ore":6,"minecraft:oak_planks":3,"minecraft:diorite":1,"minecraft:wall_torch":2,"minecraft:amethyst_block":1,"minecraft:birch_leaves":1,"minecraft:waxed_copper_block":1,"minecraft:oak_log":36,"minecraft:coal_ore":31,"minecraft:waxed_oxidized_copper":1,"minecraft:dirt":1,"minecraft:cobweb":10,"minecraft:oak_leaves":43,"minecraft:deepslate":87},"minecraft:custom":{"minecraft:mob_kills":27,"minecraft:interact_with_crafting_table":29,"minecraft:leave_game":7,"minecraft:time_since_death":148434,"minecraft:sprint_one_cm":270898,"minecraft:walk_one_cm":298809,"minecraft:damage_blocked_by_shield":158,"minecraft:drop":13,"minecraft:play_time":171246,"minecraft:deaths":4,"minecraft:sneak_time":3663,"minecraft:walk_under_water_one_cm":14794,"minecraft:jump":1476,"minecraft:walk_on_water_one_cm":17911,"minecraft:total_world_time":171246,"minecraft:interact_with_furnace":5,"minecraft:time_since_rest":148467,"minecraft:damage_taken":1637,"minecraft:damage_dealt":4563,"minecraft:fly_one_cm":156135,"minecraft:swim_one_cm":45812,"minecraft:open_chest":11,"minecraft:crouch_one_cm":1442,"minecraft:fall_one_cm":24856},"minecraft:picked_up":{"minecraft:wooden_axe":1,"minecraft:crafting_table":5,"minecraft:iron_chestplate":1,"minecraft:wooden_pickaxe":1,"minecraft:birch_button":1,"minecraft:string":11,"minecraft:cobbled_deepslate":88,"minecraft:furnace":1,"minecraft:waxed_oxidized_copper":1,"minecraft:egg":1,"minecraft:raw_iron":43,"minecraft:stick":5,"minecraft:oak_door":4,"minecraft:oak_fence":1,"minecraft:torch":17,"minecraft:diorite":1,"minecraft:carrot":1,"minecraft:orange_bed":1,"minecraft:stone_sword":1,"minecraft:arrow":7,"minecraft:rotten_flesh":5,"minecraft:red_tulip":1,"minecraft:tuff_bricks":9,"minecraft:white_wool":1,"minecraft:rail":2,"minecraft:cobblestone":40,"minecraft:golden_carrot":5,"minecraft:glow_ink_sac":3,"minecraft:andesite":2,"minecraft:yellow_dye":3,"minecraft:oak_log":29,"minecraft:tuff":17,"minecraft:lapis_lazuli":29,"minecraft:dirt":4,"minecraft:bone":6,"minecraft:raw_gold":6,"minecraft:iron_ingot":10,"minecraft:stone_pickaxe":1,"minecraft:iron_sword":1,"minecraft:oak_planks":6,"minecraft:gravel":1,"minecraft:amethyst_shard":44,"minecraft:spider_eye":1,"minecraft:diamond":37,"minecraft:granite":2,"minecraft:oak_sapling":7,"minecraft:coal":47,"minecraft:sunflower":3,"minecraft:ender_pearl":1}},"DataVersion":4082}