{"stats":{"minecraft:dropped":{"minecraft:decorated_pot":2,"minecraft:glow_berries":3,"minecraft:waxed_copper_grate":4,"minecraft:honeycomb":7,"minecraft:emerald":11,"minecraft:golden_carrot":5,"minecraft:torch":2,"minecraft:waxed_oxidized_copper":1,"minecraft:iron_leggings":1,"minecraft:orange_bed":1,"minecraft:furnace":1,"minecraft:tuff_bricks":6,"minecraft:chiseled_tuff_bricks":2,"minecraft:cobbled_deepslate":7,"minecraft:shield":1,"minecraft:diamond_pickaxe":1,"minecraft:spider_eye":1},"minecraft:used":{"minecraft:oak_fence":37,"minecraft:tuff_bricks":10,"minecraft:petrified_oak_slab":9,"minecraft:oak_sign":8,"minecraft:chest":1,"minecraft:shield":3,"minecraft:rotten_flesh":3,"minecraft:oak_door":6,"minecraft:debug_stick":8,"minecraft:orange_bed":2,"minecraft:torch":158,"minecraft:dirt":3,"minecraft:mutton":5,"minecraft:carrot":12,"minecraft:tuff":30,"minecraft:waxed_oxidized_copper":2,"minecraft:sea_lantern":4,"minecraft:bedrock":1,"minecraft:birch_button":1,"minecraft:golden_carrot":12,"minecraft:goat_horn":3,"minecraft:oak_sapling":1,"minecraft:furnace":2,"minecraft:cobbled_deepslate":95,"minecraft:golden_axe":32,"minecraft:golden_boots":1,"minecraft:stone_pickaxe":131,"minecraft:oak_planks":49,"minecraft:ender_pearl":1,"minecraft:wooden_pickaxe":18,"minecraft:waxed_oxidized_copper_trapdoor":3,"minecraft:diamond_axe":86,"minecraft:glow_ink_sac":8,"minecraft:white_wool":1,"minecraft:golden_apple":1,"minecraft:glow_berries":4,"minecraft:crafting_table":7,"minecraft:red_bed":1,"minecraft:white_bed":1,"minecraft:cake":1,"minecraft:smoker":1,"minecraft:polished_tuff":2,"minecraft:oak_log":25,"minecraft:light":27,"minecraft:red_sandstone":1,"minecraft:acacia_sign":1,"minecraft:command_block":6,"minecraft:sunflower":1,"minecraft:bread":5,"minecraft:barrier":24,"minecraft:iron_pickaxe":238,"minecraft:gravel":1,"minecraft:chiseled_tuff_bricks":1,"minecraft:stone_axe":25,"minecraft:diamond_sword":14,"minecraft:fire_charge":1,"minecraft:cobblestone":27,"minecraft:andesite":5,"minecraft:end_portal_frame":14,"minecraft:oak_hanging_sign":4},"minecraft:crafted":{"minecraft:oak_door":3,"minecraft:oak_planks":100,"minecraft:furnace":3,"minecraft:diamond_shovel":1,"minecraft:diamond_leggings":1,"minecraft:iron_boots":1,"minecraft:stone_pickaxe":1,"minecraft:chest":1,"minecraft:dark_oak_planks":16,"minecraft:smoker":1,"minecraft:diamond_sword":1,"minecraft:emerald":9,"minecraft:diamond_axe":1,"minecraft:crafting_table":2,"minecraft:wooden_pickaxe":1,"minecraft:stone_axe":1,"minecraft:air":0,"minecraft:iron_chestplate":1,"minecraft:diamond_pickaxe":1,"minecraft:shield":2,"minecraft:stick":44,"minecraft:iron_ingot":15,"minecraft:iron_pickaxe":1,"minecraft:iron_leggings":1,"minecraft:white_bed":1,"minecraft:torch":124,"minecraft:diamond_chestplate":1},"minecraft:broken":{"minecraft:golden_boots":1,"minecraft:stone_pickaxe":1,"minecraft:golden_axe":1},"minecraft:killed":{"minecraft:cave_spider":2,"minecraft:spider":4,"minecraft:skeleton":7,"minecraft:sheep":4,"minecraft:pillager":3,"minecraft:zombie":11,"minecraft:glow_squid":1,"minecraft:cow":2,"minecraft:enderman":2},"minecraft:mined":{"minecraft:large_amethyst_bud":1,"minecraft:tuff":17,"minecraft:white_bed":1,"minecraft:deepslate_diamond_ore":37,"minecraft:oak_door":3,"minecraft:dark_oak_log":4,"minecraft:grass_block":3,"minecraft:decorated_pot":16,"minecraft:chiseled_tuff_bricks":1,"minecraft:tuff_bricks":14,"minecraft:spawner":1,"minecraft:waxed_oxidized_cut_copper":1,"minecraft:furnace":1,"minecraft:waxed_copper_grate":2,"minecraft:iron_ore":25,"minecraft:polished_tuff":2,"minecraft:andesite":9,"minecraft:deepslate_iron_ore":18,"minecraft:stone":54,"minecraft:cake":1,"minecraft:amethyst_cluster":11,"minecraft:crafting_table":5,"minecraft:torch":5,"minecraft:short_grass":1,"minecraft:cobblestone":1,"minecraft:lapis_ore":7,"minecraft:deepslate_gold_ore":6,"minecraft:oak_planks":3,"minecraft:diorite":9,"minecraft:wall_torch":2,"minecraft:amethyst_block":1,"minecraft:waxed_oxidized_copper_trapdoor":3,"minecraft:birch_leaves":1,"minecraft:waxed_copper_block":20,"minecraft:oak_log":36,"minecraft:coal_ore":31,"minecraft:waxed_oxidized_copper":2,"minecraft:dirt":4,"minecraft:cobweb":10,"minecraft:oak_leaves":43,"minecraft:deepslate":109},"minecraft:custom":{"minecraft:mob_kills":36,"minecraft:inspect_hopper":2,"minecraft:interact_with_crafting_table":32,"minecraft:open_barrel":2,"minecraft:eat_cake_slice":3,"minecraft:leave_game":7,"minecraft:time_since_death":172434,"minecraft:climb_one_cm":1183,"minecraft:sprint_one_cm":331832,"minecraft:walk_one_cm":365858,"minecraft:damage_blocked_by_shield":158,"minecraft:drop":32,"minecraft:play_time":195246,"minecraft:deaths":4,"minecraft:sneak_time":3727,"minecraft:walk_under_water_one_cm":18671,"minecraft:jump":1880,"minecraft:walk_on_water_one_cm":25324,"minecraft:total_world_time":195246,"minecraft:interact_with_furnace":5,"minecraft:sleep_in_bed":1,"minecraft:time_since_rest":688,"minecraft:damage_taken":1880,"minecraft:damage_dealt":5690,"minecraft:fly_one_cm":202747,"minecraft:swim_one_cm":57910,"minecraft:open_chest":18,"minecraft:crouch_one_cm":1482,"minecraft:fall_one_cm":31837},"minecraft:picked_up":{"minecraft:wooden_axe":1,"minecraft:crafting_table":5,"minecraft:iron_chestplate":1,"minecraft:wooden_pickaxe":1,"minecraft:birch_button":1,"minecraft:string":11,"minecraft:iron_leggings":1,"minecraft:cobbled_deepslate":110,"minecraft:furnace":2,"minecraft:waxed_oxidized_copper":3,"minecraft:egg":1,"minecraft:raw_iron":43,"minecraft:stick":5,"minecraft:oak_door":4,"minecraft:oak_fence":1,"minecraft:torch":20,"minecraft:waxed_copper_grate":4,"minecraft:diorite":1,"minecraft:carrot":1,"minecraft:dark_oak_planks":12,"minecraft:orange_bed":1,"minecraft:stone_sword":1,"minecraft:arrow":32,"minecraft:rotten_flesh":5,"minecraft:decorated_pot":3,"minecraft:red_tulip":1,"minecraft:tuff_bricks":16,"minecraft:mutton":5,"minecraft:white_wool":5,"minecraft:rail":2,"minecraft:cobblestone":55,"minecraft:golden_carrot":5,"minecraft:glow_ink_sac":3,"minecraft:andesite":5,"minecraft:yellow_dye":3,"minecraft:oak_log":29,"minecraft:tuff":17,"minecraft:waxed_copper_block":18,"minecraft:lapis_lazuli":39,"minecraft:dirt":4,"minecraft:bone":6,"minecraft:raw_gold":6,"minecraft:iron_ingot":15,"minecraft:stone_pickaxe":1,"minecraft:iron_sword":1,"minecraft:oak_planks":6,"minecraft:waxed_oxidized_copper_trapdoor":3,"minecraft:emerald_block":1,"minecraft:gravel":1,"minecraft:amethyst_shard":44,"minecraft:white_bed":1,"minecraft:dark_oak_log":4,"minecraft:polished_tuff":2,"minecraft:spider_eye":1,"minecraft:diamond":37,"minecraft:granite":2,"minecraft:emerald":28,"minecraft:oak_sapling":7,"minecraft:chiseled_tuff_bricks":3,"minecraft:coal":47,"minecraft:sunflower":3,"minecraft:ender_pearl":1}},"DataVersion":4082}