{"stats":{"minecraft:dropped":{"minecraft:orange_bed":1},"minecraft:used":{"minecraft:bedrock":1,"minecraft:oak_fence":11,"minecraft:orange_bed":2,"minecraft:debug_stick":8,"minecraft:light":27,"minecraft:sea_lantern":4,"minecraft:command_block":4,"minecraft:red_bed":1,"minecraft:oak_sapling":1,"minecraft:barrier":13,"minecraft:oak_planks":3,"minecraft:oak_sign":1,"minecraft:end_portal_frame":14,"minecraft:oak_hanging_sign":2,"minecraft:glow_ink_sac":2,"minecraft:petrified_oak_slab":9},"minecraft:mined":{"minecraft:short_grass":1},"minecraft:picked_up":{"minecraft:orange_bed":1},"minecraft:custom":{"minecraft:time_since_rest":13093,"minecraft:open_chest":1,"minecraft:crouch_one_cm":50,"minecraft:play_time":35872,"minecraft:sprint_one_cm":18571,"minecraft:deaths":4,"minecraft:damage_taken":260,"minecraft:walk_one_cm":24352,"minecraft:sneak_time":413,"minecraft:walk_under_water_one_cm":6156,"minecraft:drop":1,"minecraft:jump":93,"minecraft:leave_game":6,"minecraft:walk_on_water_one_cm":349,"minecraft:time_since_death":13060,"minecraft:total_world_time":35872,"minecraft:swim_one_cm":4703,"minecraft:fall_one_cm":1045,"minecraft:fly_one_cm":34234}},"DataVersion":4082}