{"stats":{"minecraft:dropped":{"minecraft:soul_sand":5,"minecraft:brown_mushroom":16,"minecraft:diamond_axe":1,"minecraft:lapis_lazuli":8,"minecraft:cooked_beef":3,"minecraft:crafting_table":3,"minecraft:cooked_porkchop":6,"minecraft:decorated_pot":2,"minecraft:warped_fungus_on_a_stick":4,"minecraft:glow_berries":3,"minecraft:warped_roots":3,"minecraft:leather":7,"minecraft:honeycomb":7,"minecraft:saddle":4,"minecraft:red_mushroom":3,"minecraft:emerald":12,"minecraft:flint":5,"minecraft:gold_block":1,"minecraft:cracked_polished_blackstone_bricks":1,"minecraft:dirt":166,"minecraft:gold_nugget":16,"minecraft:iron_pickaxe":2,"minecraft:white_wool":2,"minecraft:gold_ingot":99,"minecraft:bone":1,"minecraft:gravel":4,"minecraft:chiseled_polished_blackstone":2,"minecraft:blackstone":16,"minecraft:iron_nugget":4,"minecraft:nether_brick":6,"minecraft:chiseled_tuff_bricks":2,"minecraft:cobbled_deepslate":14,"minecraft:wheat":4,"minecraft:obsidian":19,"minecraft:rotten_flesh":13,"minecraft:oak_planks":5,"minecraft:azure_bluet":25,"minecraft:warped_planks":38,"minecraft:poppy":19,"minecraft:rabbit_hide":1,"minecraft:beetroot_seeds":7,"minecraft:basalt":3,"minecraft:arrow":8,"minecraft:warped_wart_block":1,"minecraft:quartz":9,"minecraft:splash_potion":1,"minecraft:netherrack":1,"minecraft:bread":37,"minecraft:wheat_seeds":76,"minecraft:minecart":1,"minecraft:diamond_leggings":1,"minecraft:oak_fence":2,"minecraft:cobblestone":56,"minecraft:waxed_copper_grate":4,"minecraft:spectral_arrow":10,"minecraft:coal":5,"minecraft:stick":24,"minecraft:diorite":13,"minecraft:golden_carrot":6,"minecraft:torch":9,"minecraft:wooden_axe":1,"minecraft:rabbit":1,"minecraft:diamond_helmet":1,"minecraft:waxed_oxidized_copper":1,"minecraft:potion":3,"minecraft:iron_leggings":3,"minecraft:white_banner":1,"minecraft:red_dye":2,"minecraft:iron_axe":1,"minecraft:orange_bed":1,"minecraft:string":2,"minecraft:bucket":2,"minecraft:redstone":2,"minecraft:furnace":3,"minecraft:tuff_bricks":6,"minecraft:tuff":1,"minecraft:diamond_hoe":1,"minecraft:oak_sign":1,"minecraft:stone":1,"minecraft:shield":1,"minecraft:diamond_chestplate":1,"minecraft:diamond_pickaxe":2,"minecraft:andesite":18,"minecraft:oak_sapling":2,"minecraft:golden_sword":1,"minecraft:spider_eye":3,"minecraft:light_gray_dye":1,"minecraft:stone_pickaxe":2,"minecraft:wooden_pickaxe":1,"minecraft:black_wool":1},"minecraft:custom":{"minecraft:interact_with_crafting_table":123,"minecraft:open_barrel":2,"minecraft:bell_ring":65,"minecraft:eat_cake_slice":17,"minecraft:leave_game":16,"minecraft:time_since_death":186230,"minecraft:sprint_one_cm":1770636,"minecraft:damage_blocked_by_shield":3110,"minecraft:drop":371,"minecraft:talked_to_villager":1,"minecraft:play_time":1003271,"minecraft:deaths":19,"minecraft:jump":12931,"minecraft:walk_on_water_one_cm":52528,"minecraft:interact_with_furnace":87,"minecraft:sleep_in_bed":8,"minecraft:damage_dealt":40496,"minecraft:player_kills":1,"minecraft:crouch_one_cm":48997,"minecraft:interact_with_smoker":12,"minecraft:use_cauldron":10,"minecraft:inspect_dispenser":3,"minecraft:horse_one_cm":118734,"minecraft:interact_with_smithing_table":3,"minecraft:mob_kills":237,"minecraft:interact_with_anvil":6,"minecraft:inspect_hopper":2,"minecraft:fill_cauldron":1,"minecraft:climb_one_cm":5363,"minecraft:walk_one_cm":2678967,"minecraft:raid_win":1,"minecraft:strider_one_cm":28625,"minecraft:sneak_time":25694,"minecraft:walk_under_water_one_cm":41574,"minecraft:boat_one_cm":90582,"minecraft:interact_with_blast_furnace":13,"minecraft:total_world_time":1003271,"minecraft:raid_trigger":1,"minecraft:interact_with_stonecutter":11,"minecraft:time_since_rest":186261,"minecraft:damage_taken":11833,"minecraft:damage_absorbed":40,"minecraft:minecart_one_cm":9867,"minecraft:swim_one_cm":148387,"minecraft:fly_one_cm":1790932,"minecraft:open_chest":127,"minecraft:fall_one_cm":303119},"minecraft:killed":{"minecraft:cave_spider":2,"minecraft:zombified_piglin":20,"minecraft:spider":6,"minecraft:skeleton":25,"minecraft:piglin_brute":4,"minecraft:magma_cube":6,"minecraft:piglin":14,"minecraft:pig":14,"minecraft:creeper":2,"minecraft:sheep":29,"minecraft:pillager":23,"minecraft:zombie":39,"minecraft:donkey":1,"minecraft:ghast":1,"minecraft:glow_squid":1,"minecraft:cow":15,"minecraft:vindicator":2,"minecraft:drowned":1,"minecraft:rabbit":1,"minecraft:ravager":1,"minecraft:enderman":23},"minecraft:used":{"minecraft:beetroot":4,"minecraft:tuff_bricks":10,"minecraft:orange_dye":2,"minecraft:poppy":2,"minecraft:dispenser":1,"minecraft:ladder":9,"minecraft:diamond_hoe":1123,"minecraft:oak_sign":8,"minecraft:chest":12,"minecraft:shield":56,"minecraft:stone":129,"minecraft:rotten_flesh":9,"minecraft:debug_stick":8,"minecraft:mutton":13,"minecraft:carrot":12,"minecraft:tuff":35,"minecraft:obsidian":14,"minecraft:waxed_oxidized_copper":2,"minecraft:lava_bucket":14,"minecraft:grass_block":6,"minecraft:quartz_block":7,"minecraft:warped_nylium":2,"minecraft:stone_brick_stairs":40,"minecraft:stone_bricks":137,"minecraft:bedrock":1,"minecraft:birch_button":1,"minecraft:golden_sword":8,"minecraft:dark_oak_boat":2,"minecraft:ominous_bottle":3,"minecraft:oak_sapling":72,"minecraft:furnace":9,"minecraft:beetroot_seeds":4,"minecraft:golden_boots":1,"minecraft:stone_pickaxe":189,"minecraft:powered_rail":8,"minecraft:oak_planks":508,"minecraft:blackstone":126,"minecraft:ender_pearl":7,"minecraft:wooden_pickaxe":18,"minecraft:diamond_axe":1043,"minecraft:white_wool":1,"minecraft:golden_apple":2,"minecraft:glow_berries":4,"minecraft:blue_dye":1,"minecraft:sand":1,"minecraft:blast_furnace":2,"minecraft:crossbow":23,"minecraft:dripstone_block":1,"minecraft:polished_tuff":2,"minecraft:redstone_torch":4,"minecraft:red_sandstone":1,"minecraft:bread":57,"minecraft:barrier":24,"minecraft:gravel":3,"minecraft:chiseled_tuff_bricks":1,"minecraft:diamond_sword":61,"minecraft:fire_charge":1,"minecraft:smithing_table":2,"minecraft:andesite":5,"minecraft:oak_hanging_sign":4,"minecraft:bone_meal":83,"minecraft:oak_fence":39,"minecraft:oak_trapdoor":6,"minecraft:petrified_oak_slab":9,"minecraft:netherrack":722,"minecraft:oak_door":15,"minecraft:orange_bed":3,"minecraft:torch":502,"minecraft:dirt":1210,"minecraft:warped_wart_block":1,"minecraft:anvil":1,"minecraft:light_blue_dye":1,"minecraft:warped_door":4,"minecraft:granite":2,"minecraft:stone_brick_slab":5,"minecraft:wooden_axe":1,"minecraft:dark_oak_planks":11,"minecraft:sea_lantern":4,"minecraft:oak_stairs":2,"minecraft:spruce_button":1,"minecraft:basalt":10,"minecraft:beef":15,"minecraft:golden_carrot":21,"minecraft:goat_horn":8,"minecraft:minecart":6,"minecraft:cooked_beef":9,"minecraft:cobbled_deepslate":138,"minecraft:pointed_dripstone":17,"minecraft:golden_axe":48,"minecraft:wheat_seeds":466,"minecraft:cooked_mutton":4,"minecraft:water_bucket":88,"minecraft:amethyst_block":1,"minecraft:bundle":3,"minecraft:waxed_oxidized_copper_trapdoor":3,"minecraft:cauldron":6,"minecraft:white_dye":1,"minecraft:stonecutter":3,"minecraft:glow_ink_sac":9,"minecraft:warped_roots":2,"minecraft:polished_blackstone_bricks":4,"minecraft:rail":48,"minecraft:crafting_table":21,"minecraft:green_dye":1,"minecraft:red_bed":1,"minecraft:campfire":3,"minecraft:white_bed":5,"minecraft:cake":5,"minecraft:warped_planks":464,"minecraft:smoker":2,"minecraft:oak_log":30,"minecraft:light":27,"minecraft:diamond_pickaxe":2639,"minecraft:activator_rail":11,"minecraft:apple":8,"minecraft:diamond_shovel":1260,"minecraft:acacia_sign":1,"minecraft:command_block":6,"minecraft:sunflower":1,"minecraft:cracked_polished_blackstone_bricks":15,"minecraft:iron_pickaxe":1299,"minecraft:detector_rail":7,"minecraft:stone_slab":3,"minecraft:stone_axe":25,"minecraft:cobblestone":201,"minecraft:white_banner":6,"minecraft:cooked_porkchop":26,"minecraft:bucket":106,"minecraft:yellow_bed":1,"minecraft:end_portal_frame":14,"minecraft:gray_wool":1,"minecraft:splash_potion":1},"minecraft:picked_up":{"minecraft:wooden_axe":1,"minecraft:iron_chestplate":1,"minecraft:wheat":215,"minecraft:stone_slab":1,"minecraft:smithing_table":1,"minecraft:lead":3,"minecraft:oak_stairs":2,"minecraft:potion":3,"minecraft:birch_button":1,"minecraft:nether_brick":30,"minecraft:stone_brick_stairs":7,"minecraft:golden_sword":3,"minecraft:string":42,"minecraft:iron_leggings":2,"minecraft:beetroot":4,"minecraft:oak_sign":2,"minecraft:activator_rail":5,"minecraft:gold_nugget":47,"minecraft:cobbled_deepslate":160,"minecraft:bucket":2,"minecraft:red_dye":1,"minecraft:iron_pickaxe":3,"minecraft:furnace":8,"minecraft:stick":78,"minecraft:oak_fence":2,"minecraft:torch":70,"minecraft:porkchop":30,"minecraft:waxed_copper_grate":4,"minecraft:pointed_dripstone":20,"minecraft:diorite":15,"minecraft:warped_planks":59,"minecraft:warped_door":2,"minecraft:cauldron":2,"minecraft:orange_bed":1,"minecraft:quartz_block":3,"minecraft:stone_sword":1,"minecraft:rotten_flesh":36,"minecraft:red_tulip":1,"minecraft:obsidian":19,"minecraft:cobblestone":2289,"minecraft:warped_fungus_on_a_stick":3,"minecraft:andesite":23,"minecraft:dark_oak_boat":1,"minecraft:flint":1,"minecraft:tuff":23,"minecraft:lapis_lazuli":120,"minecraft:dirt":1455,"minecraft:bone":29,"minecraft:stonecutter":1,"minecraft:orange_tulip":2,"minecraft:wheat_seeds":597,"minecraft:raw_gold":12,"minecraft:diamond_helmet":1,"minecraft:rabbit":1,"minecraft:glowstone_dust":43,"minecraft:powered_rail":2,"minecraft:oak_planks":94,"minecraft:waxed_oxidized_copper_trapdoor":3,"minecraft:chiseled_polished_blackstone":4,"minecraft:warped_wart_block":1,"minecraft:sand":1,"minecraft:spectral_arrow":43,"minecraft:dark_oak_log":8,"minecraft:diamond":50,"minecraft:cracked_polished_blackstone_bricks":21,"minecraft:crossbow":3,"minecraft:granite":4,"minecraft:bone_meal":1,"minecraft:bread":3,"minecraft:emerald":33,"minecraft:oak_sapling":77,"minecraft:netherrack":684,"minecraft:diamond_pickaxe":1,"minecraft:crafting_table":17,"minecraft:ominous_bottle":2,"minecraft:azure_bluet":26,"minecraft:splash_potion":2,"minecraft:ladder":3,"minecraft:nether_wart":20,"minecraft:brown_mushroom":16,"minecraft:wooden_pickaxe":2,"minecraft:gold_block":11,"minecraft:stone_stairs":4,"minecraft:iron_axe":1,"minecraft:blackstone":181,"minecraft:detector_rail":4,"minecraft:beef":28,"minecraft:poppy":23,"minecraft:minecart":6,"minecraft:diamond_hoe":1,"minecraft:waxed_oxidized_copper":3,"minecraft:egg":1,"minecraft:raw_iron":133,"minecraft:stone":54,"minecraft:oak_door":13,"minecraft:polished_blackstone_bricks":8,"minecraft:carrot":1,"minecraft:redstone":66,"minecraft:dark_oak_planks":15,"minecraft:arrow":55,"minecraft:beetroot_seeds":11,"minecraft:decorated_pot":3,"minecraft:hay_block":16,"minecraft:saddle":7,"minecraft:gold_ingot":1,"minecraft:tuff_bricks":16,"minecraft:mutton":38,"minecraft:white_wool":15,"minecraft:rail":13,"minecraft:basalt":13,"minecraft:golden_carrot":5,"minecraft:glow_ink_sac":3,"minecraft:leather":31,"minecraft:yellow_dye":3,"minecraft:red_mushroom":6,"minecraft:oak_log":152,"minecraft:waxed_copper_block":18,"minecraft:yellow_bed":1,"minecraft:white_banner":7,"minecraft:stone_bricks":4,"minecraft:apple":3,"minecraft:warped_stem":193,"minecraft:rabbit_hide":1,"minecraft:iron_ingot":23,"minecraft:stone_pickaxe":1,"minecraft:soul_sand":19,"minecraft:iron_sword":1,"minecraft:warped_fungus":2,"minecraft:emerald_block":1,"minecraft:stone_brick_slab":1,"minecraft:quartz":64,"minecraft:dripstone_block":10,"minecraft:gravel":9,"minecraft:amethyst_shard":48,"minecraft:white_bed":4,"minecraft:polished_tuff":2,"minecraft:spider_eye":4,"minecraft:diamond_axe":1,"minecraft:gray_wool":1,"minecraft:warped_roots":8,"minecraft:black_wool":1,"minecraft:warped_nylium":2,"minecraft:chiseled_tuff_bricks":3,"minecraft:coal":310,"minecraft:sunflower":3,"minecraft:ender_pearl":7},"minecraft:broken":{"minecraft:golden_boots":1,"minecraft:diamond_helmet":1,"minecraft:iron_boots":1,"minecraft:stone_pickaxe":1,"minecraft:golden_axe":2,"minecraft:diamond_axe":1,"minecraft:iron_pickaxe":5},"minecraft:crafted":{"minecraft:smooth_stone":6,"minecraft:oak_planks":616,"minecraft:dark_oak_boat":1,"minecraft:stone":425,"minecraft:diamond_shovel":1,"minecraft:cooked_mutton":4,"minecraft:warped_planks":616,"minecraft:quartz_block":4,"minecraft:diamond_helmet":2,"minecraft:diamond_leggings":3,"minecraft:iron_boots":1,"minecraft:chest":12,"minecraft:oak_fence":3,"minecraft:smoker":2,"minecraft:emerald":9,"minecraft:cauldron":4,"minecraft:cooked_porkchop":27,"minecraft:diamond_axe":2,"minecraft:crafting_table":8,"minecraft:wooden_pickaxe":1,"minecraft:smithing_table":1,"minecraft:campfire":6,"minecraft:spectral_arrow":20,"minecraft:warped_door":3,"minecraft:stone_brick_stairs":33,"minecraft:iron_chestplate":1,"minecraft:diamond_pickaxe":2,"minecraft:shield":2,"minecraft:stick":140,"minecraft:iron_ingot":79,"minecraft:iron_pickaxe":3,"minecraft:iron_block":1,"minecraft:gold_ingot":90,"minecraft:light_gray_dye":1,"minecraft:redstone_torch":8,"minecraft:oak_door":6,"minecraft:fishing_rod":2,"minecraft:diamond_hoe":1,"minecraft:furnace":9,"minecraft:blast_furnace":2,"minecraft:bone_meal":293,"minecraft:oak_trapdoor":6,"minecraft:flint_and_steel":1,"minecraft:ladder":6,"minecraft:stone_pickaxe":3,"minecraft:diamond_boots":1,"minecraft:bundle":5,"minecraft:dark_oak_planks":32,"minecraft:minecart":1,"minecraft:wheat":144,"minecraft:cooked_beef":8,"minecraft:red_dye":1,"minecraft:crossbow":2,"minecraft:diamond_sword":1,"minecraft:powered_rail":6,"minecraft:bucket":3,"minecraft:stone_axe":1,"minecraft:amethyst_block":1,"minecraft:orange_dye":2,"minecraft:bread":119,"minecraft:air":0,"minecraft:warped_fungus_on_a_stick":2,"minecraft:iron_leggings":2,"minecraft:stonecutter":2,"minecraft:anvil":1,"minecraft:white_bed":2,"minecraft:orange_bed":1,"minecraft:torch":464,"minecraft:diamond_chestplate":3},"minecraft:killed_by":{"minecraft:piglin_brute":5,"minecraft:zombie":1},"minecraft:mined":{"minecraft:dark_oak_planks":5,"minecraft:large_amethyst_bud":1,"minecraft:white_bed":4,"minecraft:oak_sapling":3,"minecraft:sculk_vein":13,"minecraft:obsidian":1,"minecraft:granite":2,"minecraft:chiseled_polished_blackstone":7,"minecraft:grass_block":681,"minecraft:cracked_polished_blackstone_bricks":26,"minecraft:chiseled_tuff_bricks":1,"minecraft:nether_wart":6,"minecraft:tuff_bricks":14,"minecraft:spawner":1,"minecraft:polished_blackstone_bricks":15,"minecraft:tall_seagrass":1,"minecraft:sculk_catalyst":1,"minecraft:glowstone":16,"minecraft:cobbled_deepslate":3,"minecraft:iron_ore":92,"minecraft:fire":17,"minecraft:polished_tuff":2,"minecraft:azure_bluet":13,"minecraft:pointed_dripstone":14,"minecraft:dirt_path":1,"minecraft:oak_stairs":2,"minecraft:deepslate_redstone_ore":15,"minecraft:brown_mushroom":8,"minecraft:quartz_block":3,"minecraft:blackstone":71,"minecraft:amethyst_cluster":12,"minecraft:torch":13,"minecraft:calcite":12,"minecraft:poppy":16,"minecraft:nether_quartz_ore":22,"minecraft:cobblestone":62,"minecraft:oak_planks":33,"minecraft:wall_torch":23,"minecraft:amethyst_block":2,"minecraft:cauldron":1,"minecraft:seagrass":1,"minecraft:warped_nylium":15,"minecraft:powered_rail":2,"minecraft:warped_planks":24,"minecraft:waxed_oxidized_copper_trapdoor":3,"minecraft:wheat":205,"minecraft:activator_rail":5,"minecraft:waxed_copper_block":20,"minecraft:orange_tulip":2,"minecraft:warped_fungus":2,"minecraft:stone_brick_stairs":7,"minecraft:oak_log":158,"minecraft:beetroots":4,"minecraft:waxed_oxidized_copper":2,"minecraft:sand":1,"minecraft:dirt":601,"minecraft:smooth_basalt":4,"minecraft:stonecutter":1,"minecraft:netherrack":763,"minecraft:oak_leaves":682,"minecraft:deepslate":160,"minecraft:nether_gold_ore":8,"minecraft:crying_obsidian":4,"minecraft:tuff":28,"minecraft:deepslate_diamond_ore":50,"minecraft:oak_door":9,"minecraft:dark_oak_log":8,"minecraft:warped_door":2,"minecraft:glow_lichen":1,"minecraft:ladder":3,"minecraft:decorated_pot":16,"minecraft:red_mushroom":3,"minecraft:hay_block":16,"minecraft:waxed_oxidized_cut_copper":1,"minecraft:furnace":5,"minecraft:waxed_copper_grate":2,"minecraft:nether_sprouts":1,"minecraft:andesite":21,"minecraft:detector_rail":4,"minecraft:gold_block":10,"minecraft:deepslate_iron_ore":41,"minecraft:rail":11,"minecraft:warped_stem":207,"minecraft:stone":2188,"minecraft:cake":1,"minecraft:smithing_table":1,"minecraft:soul_sand":15,"minecraft:basalt":12,"minecraft:stone_brick_slab":1,"minecraft:oak_fence":5,"minecraft:crafting_table":14,"minecraft:short_grass":184,"minecraft:emerald_ore":5,"minecraft:oak_wood":3,"minecraft:sculk_sensor":4,"minecraft:stone_slab":1,"minecraft:tall_grass":39,"minecraft:deepslate_gold_ore":12,"minecraft:lapis_ore":18,"minecraft:sculk":216,"minecraft:diorite":18,"minecraft:warped_wart_block":1,"minecraft:birch_leaves":4,"minecraft:white_wall_banner":1,"minecraft:yellow_bed":1,"minecraft:coal_ore":282,"minecraft:gravel":11,"minecraft:dripstone_block":11,"minecraft:cobweb":10,"minecraft:stone_bricks":2}},"DataVersion":4082}