{"stats":{"minecraft:dropped":{"minecraft:orange_bed":1},"minecraft:used":{"minecraft:bedrock":1,"minecraft:oak_fence":37,"minecraft:orange_bed":2,"minecraft:debug_stick":8,"minecraft:light":27,"minecraft:sea_lantern":4,"minecraft:acacia_sign":1,"minecraft:command_block":5,"minecraft:red_bed":1,"minecraft:oak_sapling":1,"minecraft:barrier":24,"minecraft:oak_planks":3,"minecraft:oak_sign":2,"minecraft:end_portal_frame":14,"minecraft:oak_hanging_sign":2,"minecraft:glow_ink_sac":4,"minecraft:oak_log":24,"minecraft:petrified_oak_slab":9},"minecraft:mined":{"minecraft:short_grass":1},"minecraft:picked_up":{"minecraft:orange_bed":1},"minecraft:custom":{"minecraft:time_since_rest":25093,"minecraft:open_chest":1,"minecraft:crouch_one_cm":51,"minecraft:play_time":47872,"minecraft:sprint_one_cm":24295,"minecraft:deaths":4,"minecraft:damage_taken":260,"minecraft:walk_one_cm":41877,"minecraft:sneak_time":446,"minecraft:walk_under_water_one_cm":6156,"minecraft:drop":1,"minecraft:jump":163,"minecraft:damage_dealt":10,"minecraft:leave_game":6,"minecraft:walk_on_water_one_cm":349,"minecraft:time_since_death":25060,"minecraft:total_world_time":47872,"minecraft:swim_one_cm":4703,"minecraft:fall_one_cm":1045,"minecraft:fly_one_cm":37382}},"DataVersion":4082}