{"stats":{"minecraft:dropped":{"minecraft:golden_carrot":5,"minecraft:torch":2,"minecraft:orange_bed":1},"minecraft:used":{"minecraft:golden_boots":1,"minecraft:oak_fence":37,"minecraft:petrified_oak_slab":9,"minecraft:stone_pickaxe":131,"minecraft:oak_planks":4,"minecraft:oak_sign":8,"minecraft:chest":1,"minecraft:wooden_pickaxe":18,"minecraft:diamond_axe":16,"minecraft:glow_ink_sac":8,"minecraft:orange_bed":2,"minecraft:oak_door":6,"minecraft:debug_stick":8,"minecraft:torch":99,"minecraft:dirt":3,"minecraft:crafting_table":5,"minecraft:red_bed":1,"minecraft:smoker":1,"minecraft:oak_log":25,"minecraft:red_sandstone":1,"minecraft:light":27,"minecraft:sea_lantern":4,"minecraft:acacia_sign":1,"minecraft:command_block":6,"minecraft:sunflower":1,"minecraft:barrier":24,"minecraft:iron_pickaxe":72,"minecraft:stone_axe":25,"minecraft:bedrock":1,"minecraft:birch_button":1,"minecraft:fire_charge":1,"minecraft:golden_carrot":12,"minecraft:cobblestone":18,"minecraft:furnace":2,"minecraft:oak_sapling":1,"minecraft:end_portal_frame":14,"minecraft:cobbled_deepslate":16,"minecraft:oak_hanging_sign":4,"minecraft:golden_axe":32},"minecraft:crafted":{"minecraft:oak_door":3,"minecraft:oak_planks":48,"minecraft:diamond_axe":1,"minecraft:crafting_table":1,"minecraft:wooden_pickaxe":1,"minecraft:furnace":3,"minecraft:stone_axe":1,"minecraft:air":0,"minecraft:iron_boots":1,"minecraft:iron_chestplate":1,"minecraft:stick":44,"minecraft:iron_ingot":15,"minecraft:iron_pickaxe":1,"minecraft:stone_pickaxe":1,"minecraft:iron_leggings":1,"minecraft:chest":1,"minecraft:torch":88,"minecraft:smoker":1},"minecraft:broken":{"minecraft:stone_pickaxe":1,"minecraft:golden_axe":1},"minecraft:killed":{"minecraft:cave_spider":1,"minecraft:spider":3,"minecraft:skeleton":4,"minecraft:zombie":6,"minecraft:glow_squid":1},"minecraft:mined":{"minecraft:tuff":12,"minecraft:deepslate_diamond_ore":17,"minecraft:oak_door":3,"minecraft:crafting_table":4,"minecraft:short_grass":1,"minecraft:grass_block":2,"minecraft:cobblestone":1,"minecraft:deepslate_gold_ore":5,"minecraft:lapis_ore":5,"minecraft:diorite":1,"minecraft:wall_torch":1,"minecraft:furnace":1,"minecraft:iron_ore":25,"minecraft:birch_leaves":1,"minecraft:andesite":2,"minecraft:coal_ore":31,"minecraft:oak_log":36,"minecraft:deepslate_iron_ore":17,"minecraft:dirt":1,"minecraft:stone":39,"minecraft:oak_leaves":43,"minecraft:deepslate":65},"minecraft:custom":{"minecraft:interact_with_furnace":4,"minecraft:mob_kills":15,"minecraft:interact_with_crafting_table":24,"minecraft:leave_game":7,"minecraft:time_since_death":112434,"minecraft:time_since_rest":112467,"minecraft:sprint_one_cm":155161,"minecraft:damage_taken":1350,"minecraft:walk_one_cm":151507,"minecraft:drop":8,"minecraft:damage_dealt":2164,"minecraft:swim_one_cm":45812,"minecraft:fly_one_cm":136063,"minecraft:open_chest":8,"minecraft:crouch_one_cm":1379,"minecraft:play_time":135246,"minecraft:deaths":4,"minecraft:sneak_time":3582,"minecraft:walk_under_water_one_cm":14205,"minecraft:jump":1058,"minecraft:walk_on_water_one_cm":12319,"minecraft:total_world_time":135246,"minecraft:fall_one_cm":20271},"minecraft:picked_up":{"minecraft:wooden_axe":1,"minecraft:iron_chestplate":1,"minecraft:crafting_table":5,"minecraft:golden_carrot":5,"minecraft:glow_ink_sac":3,"minecraft:andesite":2,"minecraft:yellow_dye":3,"minecraft:wooden_pickaxe":1,"minecraft:birch_button":1,"minecraft:tuff":12,"minecraft:oak_log":29,"minecraft:string":1,"minecraft:lapis_lazuli":29,"minecraft:dirt":4,"minecraft:bone":2,"minecraft:raw_gold":5,"minecraft:cobbled_deepslate":66,"minecraft:iron_ingot":10,"minecraft:stone_pickaxe":1,"minecraft:iron_sword":1,"minecraft:egg":1,"minecraft:furnace":1,"minecraft:stick":5,"minecraft:raw_iron":42,"minecraft:oak_door":4,"minecraft:torch":13,"minecraft:diorite":1,"minecraft:stone_sword":1,"minecraft:arrow":5,"minecraft:orange_bed":1,"minecraft:rotten_flesh":4,"minecraft:diamond":16,"minecraft:granite":2,"minecraft:red_tulip":1,"minecraft:oak_sapling":7,"minecraft:coal":47,"minecraft:white_wool":1,"minecraft:cobblestone":40,"minecraft:sunflower":3}},"DataVersion":4082}