{"stats":{"minecraft:dropped":{"minecraft:diamond_axe":1,"minecraft:decorated_pot":2,"minecraft:cobblestone":1,"minecraft:glow_berries":3,"minecraft:waxed_copper_grate":4,"minecraft:honeycomb":7,"minecraft:coal":5,"minecraft:flint":3,"minecraft:emerald":11,"minecraft:stick":20,"minecraft:dirt":131,"minecraft:golden_carrot":5,"minecraft:torch":2,"minecraft:rabbit":1,"minecraft:waxed_oxidized_copper":1,"minecraft:diamond_helmet":1,"minecraft:iron_leggings":3,"minecraft:orange_bed":1,"minecraft:bucket":1,"minecraft:gold_ingot":6,"minecraft:furnace":1,"minecraft:tuff_bricks":6,"minecraft:chiseled_tuff_bricks":2,"minecraft:cobbled_deepslate":7,"minecraft:wheat":1,"minecraft:rotten_flesh":4,"minecraft:azure_bluet":25,"minecraft:oak_sign":1,"minecraft:poppy":17,"minecraft:rabbit_hide":1,"minecraft:shield":1,"minecraft:diamond_chestplate":1,"minecraft:diamond_pickaxe":1,"minecraft:oak_sapling":2,"minecraft:spider_eye":2,"minecraft:wooden_pickaxe":1,"minecraft:bread":27},"minecraft:used":{"minecraft:tuff_bricks":10,"minecraft:petrified_oak_slab":9,"minecraft:oak_fence":38,"minecraft:dispenser":1,"minecraft:diamond_hoe":332,"minecraft:oak_sign":8,"minecraft:chest":1,"minecraft:shield":13,"minecraft:rotten_flesh":3,"minecraft:orange_bed":2,"minecraft:oak_door":6,"minecraft:debug_stick":8,"minecraft:torch":208,"minecraft:dirt":272,"minecraft:mutton":8,"minecraft:carrot":12,"minecraft:tuff":30,"minecraft:obsidian":9,"minecraft:waxed_oxidized_copper":2,"minecraft:dark_oak_planks":11,"minecraft:sea_lantern":4,"minecraft:oak_stairs":2,"minecraft:grass_block":1,"minecraft:spruce_button":1,"minecraft:bedrock":1,"minecraft:golden_sword":7,"minecraft:birch_button":1,"minecraft:golden_carrot":12,"minecraft:dark_oak_boat":2,"minecraft:beef":5,"minecraft:ominous_bottle":2,"minecraft:goat_horn":8,"minecraft:furnace":6,"minecraft:oak_sapling":29,"minecraft:cooked_beef":3,"minecraft:cobbled_deepslate":95,"minecraft:golden_axe":32,"minecraft:golden_boots":1,"minecraft:water_bucket":45,"minecraft:amethyst_block":1,"minecraft:bundle":2,"minecraft:stone_pickaxe":131,"minecraft:oak_planks":285,"minecraft:ender_pearl":1,"minecraft:wooden_pickaxe":18,"minecraft:waxed_oxidized_copper_trapdoor":3,"minecraft:diamond_axe":321,"minecraft:glow_ink_sac":8,"minecraft:white_wool":1,"minecraft:golden_apple":1,"minecraft:glow_berries":4,"minecraft:sand":1,"minecraft:crafting_table":9,"minecraft:red_bed":1,"minecraft:crossbow":3,"minecraft:white_bed":4,"minecraft:smoker":1,"minecraft:cake":5,"minecraft:polished_tuff":2,"minecraft:oak_log":28,"minecraft:light":27,"minecraft:red_sandstone":1,"minecraft:apple":2,"minecraft:diamond_shovel":381,"minecraft:acacia_sign":1,"minecraft:command_block":6,"minecraft:sunflower":1,"minecraft:bread":19,"minecraft:barrier":24,"minecraft:iron_pickaxe":314,"minecraft:gravel":1,"minecraft:stone_axe":25,"minecraft:chiseled_tuff_bricks":1,"minecraft:diamond_sword":14,"minecraft:fire_charge":1,"minecraft:cobblestone":33,"minecraft:white_banner":1,"minecraft:smithing_table":1,"minecraft:bucket":46,"minecraft:andesite":5,"minecraft:yellow_bed":1,"minecraft:end_portal_frame":14,"minecraft:bone_meal":12,"minecraft:gray_wool":1,"minecraft:oak_hanging_sign":4},"minecraft:crafted":{"minecraft:oak_door":3,"minecraft:oak_planks":336,"minecraft:dark_oak_boat":1,"minecraft:diamond_hoe":1,"minecraft:furnace":6,"minecraft:bone_meal":12,"minecraft:diamond_shovel":1,"minecraft:diamond_helmet":1,"minecraft:diamond_leggings":2,"minecraft:iron_boots":1,"minecraft:stone_pickaxe":1,"minecraft:chest":1,"minecraft:bundle":1,"minecraft:dark_oak_planks":32,"minecraft:smoker":1,"minecraft:wheat":144,"minecraft:cooked_beef":3,"minecraft:crossbow":2,"minecraft:diamond_sword":1,"minecraft:emerald":9,"minecraft:diamond_axe":1,"minecraft:crafting_table":2,"minecraft:wooden_pickaxe":1,"minecraft:smithing_table":1,"minecraft:bucket":2,"minecraft:stone_axe":1,"minecraft:amethyst_block":1,"minecraft:bread":49,"minecraft:air":0,"minecraft:iron_chestplate":1,"minecraft:diamond_pickaxe":1,"minecraft:shield":2,"minecraft:stick":60,"minecraft:iron_ingot":15,"minecraft:iron_pickaxe":1,"minecraft:iron_leggings":2,"minecraft:white_bed":1,"minecraft:torch":156,"minecraft:diamond_chestplate":3},"minecraft:broken":{"minecraft:golden_boots":1,"minecraft:stone_pickaxe":1,"minecraft:golden_axe":1,"minecraft:iron_pickaxe":1},"minecraft:killed":{"minecraft:cave_spider":2,"minecraft:spider":5,"minecraft:skeleton":14,"minecraft:drowned":1,"minecraft:pig":2,"minecraft:rabbit":1,"minecraft:creeper":1,"minecraft:sheep":13,"minecraft:pillager":16,"minecraft:zombie":16,"minecraft:glow_squid":1,"minecraft:enderman":2,"minecraft:cow":7},"minecraft:mined":{"minecraft:dark_oak_planks":5,"minecraft:large_amethyst_bud":1,"minecraft:tuff":17,"minecraft:white_bed":3,"minecraft:oak_sapling":2,"minecraft:deepslate_diamond_ore":37,"minecraft:oak_door":3,"minecraft:dark_oak_log":8,"minecraft:grass_block":352,"minecraft:decorated_pot":16,"minecraft:chiseled_tuff_bricks":1,"minecraft:tuff_bricks":14,"minecraft:spawner":1,"minecraft:tall_seagrass":1,"minecraft:hay_block":16,"minecraft:waxed_oxidized_cut_copper":1,"minecraft:furnace":1,"minecraft:waxed_copper_grate":2,"minecraft:iron_ore":25,"minecraft:polished_tuff":2,"minecraft:andesite":10,"minecraft:azure_bluet":12,"minecraft:pointed_dripstone":5,"minecraft:deepslate_iron_ore":18,"minecraft:oak_stairs":2,"minecraft:stone":61,"minecraft:cake":1,"minecraft:smithing_table":1,"minecraft:amethyst_cluster":11,"minecraft:oak_fence":1,"minecraft:crafting_table":8,"minecraft:torch":7,"minecraft:short_grass":160,"minecraft:poppy":13,"minecraft:cobblestone":3,"minecraft:tall_grass":34,"minecraft:deepslate_gold_ore":6,"minecraft:lapis_ore":7,"minecraft:oak_planks":7,"minecraft:diorite":9,"minecraft:wall_torch":3,"minecraft:amethyst_block":1,"minecraft:seagrass":1,"minecraft:waxed_oxidized_copper_trapdoor":3,"minecraft:birch_leaves":4,"minecraft:waxed_copper_block":20,"minecraft:yellow_bed":1,"minecraft:coal_ore":84,"minecraft:oak_log":106,"minecraft:waxed_oxidized_copper":2,"minecraft:gravel":1,"minecraft:sand":1,"minecraft:dirt":18,"minecraft:cobweb":10,"minecraft:oak_leaves":385,"minecraft:deepslate":109},"minecraft:custom":{"minecraft:interact_with_smithing_table":3,"minecraft:mob_kills":82,"minecraft:inspect_hopper":2,"minecraft:interact_with_crafting_table":46,"minecraft:open_barrel":2,"minecraft:bell_ring":44,"minecraft:eat_cake_slice":17,"minecraft:leave_game":8,"minecraft:time_since_death":23767,"minecraft:climb_one_cm":1183,"minecraft:sprint_one_cm":687947,"minecraft:walk_one_cm":679998,"minecraft:damage_blocked_by_shield":689,"minecraft:drop":78,"minecraft:play_time":327064,"minecraft:deaths":8,"minecraft:sneak_time":4464,"minecraft:walk_under_water_one_cm":27489,"minecraft:boat_one_cm":90582,"minecraft:jump":4143,"minecraft:interact_with_blast_furnace":3,"minecraft:walk_on_water_one_cm":30421,"minecraft:total_world_time":327064,"minecraft:interact_with_furnace":27,"minecraft:sleep_in_bed":5,"minecraft:time_since_rest":23851,"minecraft:damage_taken":3955,"minecraft:damage_dealt":13347,"minecraft:player_kills":1,"minecraft:swim_one_cm":62688,"minecraft:fly_one_cm":608525,"minecraft:open_chest":32,"minecraft:crouch_one_cm":1922,"minecraft:inspect_dispenser":2,"minecraft:fall_one_cm":112176},"minecraft:picked_up":{"minecraft:wooden_axe":1,"minecraft:crafting_table":8,"minecraft:iron_chestplate":1,"minecraft:wheat":1,"minecraft:azure_bluet":25,"minecraft:ominous_bottle":1,"minecraft:smithing_table":1,"minecraft:wooden_pickaxe":2,"minecraft:oak_stairs":2,"minecraft:birch_button":1,"minecraft:string":13,"minecraft:iron_leggings":2,"minecraft:oak_sign":1,"minecraft:cobbled_deepslate":110,"minecraft:beef":9,"minecraft:poppy":17,"minecraft:furnace":2,"minecraft:waxed_oxidized_copper":3,"minecraft:egg":1,"minecraft:stick":39,"minecraft:raw_iron":43,"minecraft:oak_door":4,"minecraft:oak_fence":2,"minecraft:torch":23,"minecraft:porkchop":4,"minecraft:pointed_dripstone":5,"minecraft:waxed_copper_grate":4,"minecraft:diorite":1,"minecraft:carrot":1,"minecraft:dark_oak_planks":15,"minecraft:orange_bed":1,"minecraft:stone_sword":1,"minecraft:arrow":41,"minecraft:rotten_flesh":13,"minecraft:decorated_pot":3,"minecraft:hay_block":16,"minecraft:red_tulip":1,"minecraft:tuff_bricks":16,"minecraft:mutton":13,"minecraft:cobblestone":101,"minecraft:rail":2,"minecraft:white_wool":13,"minecraft:golden_carrot":5,"minecraft:glow_ink_sac":3,"minecraft:andesite":5,"minecraft:dark_oak_boat":1,"minecraft:leather":1,"minecraft:yellow_dye":3,"minecraft:oak_log":99,"minecraft:tuff":17,"minecraft:waxed_copper_block":18,"minecraft:yellow_bed":1,"minecraft:lapis_lazuli":39,"minecraft:dirt":492,"minecraft:white_banner":2,"minecraft:bone":10,"minecraft:wheat_seeds":34,"minecraft:raw_gold":6,"minecraft:rabbit_hide":1,"minecraft:iron_ingot":16,"minecraft:stone_pickaxe":1,"minecraft:rabbit":1,"minecraft:diamond_helmet":1,"minecraft:oak_planks":10,"minecraft:iron_sword":1,"minecraft:waxed_oxidized_copper_trapdoor":3,"minecraft:emerald_block":1,"minecraft:gravel":1,"minecraft:sand":1,"minecraft:amethyst_shard":44,"minecraft:white_bed":3,"minecraft:polished_tuff":2,"minecraft:dark_oak_log":8,"minecraft:spider_eye":2,"minecraft:diamond":37,"minecraft:diamond_axe":1,"minecraft:crossbow":3,"minecraft:granite":2,"minecraft:gray_wool":1,"minecraft:emerald":28,"minecraft:oak_sapling":36,"minecraft:chiseled_tuff_bricks":3,"minecraft:coal":108,"minecraft:sunflower":3,"minecraft:ender_pearl":1}},"DataVersion":4082}