{"stats":{"minecraft:dropped":{"minecraft:glow_berries":3,"minecraft:shield":1,"minecraft:golden_carrot":5,"minecraft:torch":2,"minecraft:diamond_pickaxe":1,"minecraft:orange_bed":1},"minecraft:used":{"minecraft:golden_boots":1,"minecraft:oak_fence":37,"minecraft:petrified_oak_slab":9,"minecraft:stone_pickaxe":131,"minecraft:oak_planks":4,"minecraft:oak_sign":8,"minecraft:chest":1,"minecraft:wooden_pickaxe":18,"minecraft:diamond_axe":37,"minecraft:glow_ink_sac":8,"minecraft:rotten_flesh":3,"minecraft:orange_bed":2,"minecraft:oak_door":6,"minecraft:debug_stick":8,"minecraft:torch":106,"minecraft:glow_berries":4,"minecraft:dirt":3,"minecraft:crafting_table":6,"minecraft:red_bed":1,"minecraft:carrot":2,"minecraft:smoker":1,"minecraft:oak_log":25,"minecraft:red_sandstone":1,"minecraft:light":27,"minecraft:sea_lantern":4,"minecraft:acacia_sign":1,"minecraft:bread":1,"minecraft:command_block":6,"minecraft:sunflower":1,"minecraft:barrier":24,"minecraft:iron_pickaxe":84,"minecraft:diamond_sword":14,"minecraft:stone_axe":25,"minecraft:bedrock":1,"minecraft:birch_button":1,"minecraft:fire_charge":1,"minecraft:golden_carrot":12,"minecraft:cobblestone":18,"minecraft:furnace":2,"minecraft:oak_sapling":1,"minecraft:end_portal_frame":14,"minecraft:cobbled_deepslate":61,"minecraft:oak_hanging_sign":4,"minecraft:golden_axe":32},"minecraft:crafted":{"minecraft:oak_door":3,"minecraft:oak_planks":100,"minecraft:diamond_sword":1,"minecraft:diamond_axe":1,"minecraft:crafting_table":1,"minecraft:wooden_pickaxe":1,"minecraft:furnace":3,"minecraft:diamond_shovel":1,"minecraft:stone_axe":1,"minecraft:air":0,"minecraft:iron_boots":1,"minecraft:iron_chestplate":1,"minecraft:diamond_pickaxe":1,"minecraft:shield":2,"minecraft:stick":44,"minecraft:iron_ingot":15,"minecraft:iron_pickaxe":1,"minecraft:stone_pickaxe":1,"minecraft:iron_leggings":1,"minecraft:chest":1,"minecraft:torch":96,"minecraft:diamond_chestplate":1,"minecraft:smoker":1},"minecraft:broken":{"minecraft:stone_pickaxe":1,"minecraft:golden_axe":1,"minecraft:golden_boots":1},"minecraft:killed":{"minecraft:cave_spider":2,"minecraft:spider":3,"minecraft:skeleton":5,"minecraft:zombie":10,"minecraft:glow_squid":1},"minecraft:mined":{"minecraft:tuff":12,"minecraft:deepslate_diamond_ore":24,"minecraft:oak_door":3,"minecraft:crafting_table":5,"minecraft:short_grass":1,"minecraft:grass_block":2,"minecraft:cobblestone":1,"minecraft:deepslate_gold_ore":6,"minecraft:lapis_ore":5,"minecraft:oak_planks":2,"minecraft:diorite":1,"minecraft:wall_torch":1,"minecraft:spawner":1,"minecraft:furnace":1,"minecraft:iron_ore":25,"minecraft:birch_leaves":1,"minecraft:andesite":2,"minecraft:coal_ore":31,"minecraft:oak_log":36,"minecraft:deepslate_iron_ore":17,"minecraft:dirt":1,"minecraft:cobweb":10,"minecraft:stone":39,"minecraft:oak_leaves":43,"minecraft:deepslate":68},"minecraft:custom":{"minecraft:interact_with_furnace":5,"minecraft:mob_kills":21,"minecraft:interact_with_crafting_table":29,"minecraft:leave_game":7,"minecraft:time_since_death":124434,"minecraft:time_since_rest":124467,"minecraft:sprint_one_cm":192748,"minecraft:damage_taken":1553,"minecraft:walk_one_cm":184442,"minecraft:drop":13,"minecraft:damage_dealt":3003,"minecraft:swim_one_cm":45812,"minecraft:fly_one_cm":147150,"minecraft:open_chest":8,"minecraft:crouch_one_cm":1379,"minecraft:play_time":147246,"minecraft:deaths":4,"minecraft:sneak_time":3618,"minecraft:walk_under_water_one_cm":14205,"minecraft:jump":1212,"minecraft:walk_on_water_one_cm":13825,"minecraft:total_world_time":147246,"minecraft:fall_one_cm":22245},"minecraft:picked_up":{"minecraft:wooden_axe":1,"minecraft:iron_chestplate":1,"minecraft:crafting_table":5,"minecraft:golden_carrot":5,"minecraft:glow_ink_sac":3,"minecraft:andesite":2,"minecraft:yellow_dye":3,"minecraft:wooden_pickaxe":1,"minecraft:birch_button":1,"minecraft:tuff":12,"minecraft:oak_log":29,"minecraft:string":10,"minecraft:lapis_lazuli":29,"minecraft:dirt":4,"minecraft:bone":4,"minecraft:raw_gold":6,"minecraft:cobbled_deepslate":69,"minecraft:iron_ingot":10,"minecraft:stone_pickaxe":1,"minecraft:oak_planks":3,"minecraft:iron_sword":1,"minecraft:egg":1,"minecraft:furnace":1,"minecraft:stick":5,"minecraft:raw_iron":42,"minecraft:oak_door":4,"minecraft:torch":14,"minecraft:diorite":1,"minecraft:carrot":1,"minecraft:spider_eye":1,"minecraft:stone_sword":1,"minecraft:arrow":5,"minecraft:orange_bed":1,"minecraft:rotten_flesh":5,"minecraft:diamond":24,"minecraft:granite":2,"minecraft:red_tulip":1,"minecraft:rail":2,"minecraft:oak_sapling":7,"minecraft:coal":47,"minecraft:white_wool":1,"minecraft:cobblestone":40,"minecraft:sunflower":3}},"DataVersion":4082}