{"stats":{"minecraft:dropped":{"minecraft:diamond_axe":1,"minecraft:lapis_lazuli":8,"minecraft:crafting_table":1,"minecraft:cooked_porkchop":1,"minecraft:decorated_pot":2,"minecraft:glow_berries":3,"minecraft:honeycomb":7,"minecraft:emerald":11,"minecraft:flint":3,"minecraft:dirt":131,"minecraft:gold_nugget":6,"minecraft:gold_ingot":6,"minecraft:bone":1,"minecraft:chiseled_tuff_bricks":2,"minecraft:cobbled_deepslate":14,"minecraft:wheat":1,"minecraft:rotten_flesh":6,"minecraft:azure_bluet":25,"minecraft:poppy":17,"minecraft:rabbit_hide":1,"minecraft:beetroot_seeds":3,"minecraft:arrow":1,"minecraft:quartz":3,"minecraft:netherrack":1,"minecraft:bread":29,"minecraft:oak_fence":2,"minecraft:cobblestone":1,"minecraft:waxed_copper_grate":4,"minecraft:spectral_arrow":10,"minecraft:coal":5,"minecraft:stick":20,"minecraft:diorite":13,"minecraft:golden_carrot":5,"minecraft:torch":2,"minecraft:wooden_axe":1,"minecraft:rabbit":1,"minecraft:diamond_helmet":1,"minecraft:waxed_oxidized_copper":1,"minecraft:iron_leggings":3,"minecraft:iron_axe":1,"minecraft:orange_bed":1,"minecraft:string":2,"minecraft:bucket":1,"minecraft:redstone":1,"minecraft:furnace":3,"minecraft:tuff_bricks":6,"minecraft:tuff":1,"minecraft:oak_sign":1,"minecraft:shield":1,"minecraft:diamond_chestplate":1,"minecraft:diamond_pickaxe":1,"minecraft:andesite":18,"minecraft:oak_sapling":2,"minecraft:golden_sword":1,"minecraft:spider_eye":3,"minecraft:stone_pickaxe":2,"minecraft:wooden_pickaxe":1},"minecraft:custom":{"minecraft:interact_with_crafting_table":72,"minecraft:open_barrel":2,"minecraft:bell_ring":44,"minecraft:eat_cake_slice":17,"minecraft:leave_game":10,"minecraft:time_since_death":73362,"minecraft:sprint_one_cm":1095042,"minecraft:damage_blocked_by_shield":2920,"minecraft:drop":135,"minecraft:play_time":539450,"minecraft:deaths":11,"minecraft:jump":7182,"minecraft:walk_on_water_one_cm":43853,"minecraft:interact_with_furnace":66,"minecraft:sleep_in_bed":7,"minecraft:damage_dealt":19288,"minecraft:player_kills":1,"minecraft:crouch_one_cm":14215,"minecraft:interact_with_smoker":4,"minecraft:inspect_dispenser":3,"minecraft:horse_one_cm":5837,"minecraft:interact_with_smithing_table":3,"minecraft:mob_kills":119,"minecraft:inspect_hopper":2,"minecraft:climb_one_cm":3400,"minecraft:walk_one_cm":1172797,"minecraft:sneak_time":12388,"minecraft:walk_under_water_one_cm":39601,"minecraft:boat_one_cm":90582,"minecraft:interact_with_blast_furnace":3,"minecraft:total_world_time":539450,"minecraft:interact_with_stonecutter":6,"minecraft:time_since_rest":73393,"minecraft:damage_taken":6199,"minecraft:fly_one_cm":966770,"minecraft:swim_one_cm":135260,"minecraft:open_chest":55,"minecraft:fall_one_cm":175463},"minecraft:killed":{"minecraft:cave_spider":2,"minecraft:spider":6,"minecraft:skeleton":24,"minecraft:piglin":5,"minecraft:pig":5,"minecraft:creeper":1,"minecraft:sheep":13,"minecraft:pillager":16,"minecraft:zombie":26,"minecraft:ghast":1,"minecraft:glow_squid":1,"minecraft:cow":11,"minecraft:drowned":1,"minecraft:rabbit":1,"minecraft:enderman":3},"minecraft:used":{"minecraft:orange_dye":2,"minecraft:tuff_bricks":10,"minecraft:dispenser":1,"minecraft:diamond_hoe":823,"minecraft:ladder":6,"minecraft:oak_sign":8,"minecraft:chest":1,"minecraft:shield":51,"minecraft:rotten_flesh":7,"minecraft:debug_stick":8,"minecraft:mutton":13,"minecraft:carrot":12,"minecraft:tuff":35,"minecraft:obsidian":9,"minecraft:waxed_oxidized_copper":2,"minecraft:grass_block":6,"minecraft:quartz_block":4,"minecraft:stone_brick_stairs":1,"minecraft:stone_bricks":52,"minecraft:bedrock":1,"minecraft:birch_button":1,"minecraft:golden_sword":7,"minecraft:dark_oak_boat":2,"minecraft:ominous_bottle":2,"minecraft:furnace":9,"minecraft:oak_sapling":45,"minecraft:golden_boots":1,"minecraft:stone_pickaxe":189,"minecraft:oak_planks":338,"minecraft:ender_pearl":1,"minecraft:wooden_pickaxe":18,"minecraft:diamond_axe":473,"minecraft:white_wool":1,"minecraft:golden_apple":1,"minecraft:glow_berries":4,"minecraft:blue_dye":1,"minecraft:sand":1,"minecraft:crossbow":15,"minecraft:polished_tuff":2,"minecraft:red_sandstone":1,"minecraft:bread":35,"minecraft:barrier":24,"minecraft:gravel":3,"minecraft:chiseled_tuff_bricks":1,"minecraft:diamond_sword":15,"minecraft:fire_charge":1,"minecraft:smithing_table":1,"minecraft:andesite":5,"minecraft:oak_hanging_sign":4,"minecraft:bone_meal":36,"minecraft:oak_trapdoor":6,"minecraft:oak_fence":39,"minecraft:petrified_oak_slab":9,"minecraft:netherrack":642,"minecraft:oak_door":13,"minecraft:orange_bed":2,"minecraft:torch":388,"minecraft:dirt":396,"minecraft:light_blue_dye":1,"minecraft:stone_brick_slab":5,"minecraft:dark_oak_planks":11,"minecraft:wooden_axe":1,"minecraft:sea_lantern":4,"minecraft:oak_stairs":2,"minecraft:spruce_button":1,"minecraft:golden_carrot":12,"minecraft:beef":15,"minecraft:goat_horn":8,"minecraft:cooked_beef":3,"minecraft:cobbled_deepslate":120,"minecraft:golden_axe":32,"minecraft:wheat_seeds":6,"minecraft:water_bucket":69,"minecraft:amethyst_block":1,"minecraft:bundle":2,"minecraft:white_dye":1,"minecraft:glow_ink_sac":9,"minecraft:stonecutter":3,"minecraft:waxed_oxidized_copper_trapdoor":3,"minecraft:rail":15,"minecraft:crafting_table":14,"minecraft:red_bed":1,"minecraft:green_dye":1,"minecraft:white_bed":5,"minecraft:cake":5,"minecraft:smoker":2,"minecraft:oak_log":28,"minecraft:light":27,"minecraft:diamond_pickaxe":65,"minecraft:apple":7,"minecraft:diamond_shovel":410,"minecraft:acacia_sign":1,"minecraft:command_block":6,"minecraft:sunflower":1,"minecraft:iron_pickaxe":1269,"minecraft:stone_slab":2,"minecraft:stone_axe":25,"minecraft:cobblestone":66,"minecraft:white_banner":2,"minecraft:cooked_porkchop":7,"minecraft:bucket":71,"minecraft:yellow_bed":1,"minecraft:end_portal_frame":14,"minecraft:gray_wool":1},"minecraft:picked_up":{"minecraft:wooden_axe":1,"minecraft:iron_chestplate":1,"minecraft:wheat":7,"minecraft:smithing_table":1,"minecraft:oak_stairs":2,"minecraft:birch_button":1,"minecraft:stone_brick_stairs":1,"minecraft:string":15,"minecraft:iron_leggings":2,"minecraft:oak_sign":1,"minecraft:gold_nugget":6,"minecraft:cobbled_deepslate":146,"minecraft:bucket":1,"minecraft:iron_pickaxe":1,"minecraft:furnace":8,"minecraft:stick":65,"minecraft:oak_fence":2,"minecraft:torch":37,"minecraft:porkchop":10,"minecraft:waxed_copper_grate":4,"minecraft:pointed_dripstone":16,"minecraft:diorite":15,"minecraft:stone_sword":1,"minecraft:orange_bed":1,"minecraft:rotten_flesh":19,"minecraft:red_tulip":1,"minecraft:cobblestone":205,"minecraft:andesite":23,"minecraft:dark_oak_boat":1,"minecraft:flint":1,"minecraft:tuff":23,"minecraft:lapis_lazuli":120,"minecraft:dirt":580,"minecraft:bone":28,"minecraft:stonecutter":1,"minecraft:wheat_seeds":52,"minecraft:raw_gold":12,"minecraft:diamond_helmet":1,"minecraft:rabbit":1,"minecraft:glowstone_dust":43,"minecraft:oak_planks":20,"minecraft:waxed_oxidized_copper_trapdoor":3,"minecraft:sand":1,"minecraft:dark_oak_log":8,"minecraft:diamond":48,"minecraft:crossbow":3,"minecraft:granite":2,"minecraft:emerald":30,"minecraft:oak_sapling":52,"minecraft:netherrack":592,"minecraft:crafting_table":13,"minecraft:azure_bluet":25,"minecraft:ominous_bottle":1,"minecraft:wooden_pickaxe":2,"minecraft:stone_stairs":4,"minecraft:iron_axe":1,"minecraft:beef":19,"minecraft:poppy":18,"minecraft:waxed_oxidized_copper":3,"minecraft:egg":1,"minecraft:raw_iron":88,"minecraft:stone":53,"minecraft:oak_door":11,"minecraft:carrot":1,"minecraft:redstone":65,"minecraft:dark_oak_planks":15,"minecraft:arrow":55,"minecraft:decorated_pot":3,"minecraft:beetroot_seeds":3,"minecraft:hay_block":16,"minecraft:tuff_bricks":16,"minecraft:mutton":13,"minecraft:white_wool":13,"minecraft:rail":3,"minecraft:golden_carrot":5,"minecraft:glow_ink_sac":3,"minecraft:leather":3,"minecraft:yellow_dye":3,"minecraft:oak_log":138,"minecraft:waxed_copper_block":18,"minecraft:yellow_bed":1,"minecraft:white_banner":2,"minecraft:apple":2,"minecraft:rabbit_hide":1,"minecraft:iron_ingot":23,"minecraft:stone_pickaxe":1,"minecraft:iron_sword":1,"minecraft:emerald_block":1,"minecraft:stone_brick_slab":1,"minecraft:quartz":22,"minecraft:gravel":3,"minecraft:amethyst_shard":48,"minecraft:white_bed":3,"minecraft:spider_eye":4,"minecraft:polished_tuff":2,"minecraft:diamond_axe":1,"minecraft:gray_wool":1,"minecraft:chiseled_tuff_bricks":3,"minecraft:coal":199,"minecraft:ender_pearl":1,"minecraft:sunflower":3},"minecraft:broken":{"minecraft:golden_boots":1,"minecraft:iron_boots":1,"minecraft:stone_pickaxe":1,"minecraft:golden_axe":1,"minecraft:iron_pickaxe":5},"minecraft:crafted":{"minecraft:smooth_stone":6,"minecraft:oak_planks":444,"minecraft:dark_oak_boat":1,"minecraft:stone":253,"minecraft:diamond_shovel":1,"minecraft:quartz_block":4,"minecraft:diamond_helmet":1,"minecraft:iron_boots":1,"minecraft:diamond_leggings":2,"minecraft:chest":1,"minecraft:oak_fence":3,"minecraft:smoker":2,"minecraft:emerald":9,"minecraft:cooked_porkchop":10,"minecraft:diamond_axe":1,"minecraft:crafting_table":3,"minecraft:wooden_pickaxe":1,"minecraft:smithing_table":1,"minecraft:spectral_arrow":20,"minecraft:iron_chestplate":1,"minecraft:diamond_pickaxe":2,"minecraft:shield":2,"minecraft:stick":88,"minecraft:iron_ingot":35,"minecraft:iron_pickaxe":3,"minecraft:gold_ingot":6,"minecraft:oak_door":6,"minecraft:diamond_hoe":1,"minecraft:furnace":9,"minecraft:bone_meal":36,"minecraft:oak_trapdoor":6,"minecraft:flint_and_steel":1,"minecraft:ladder":6,"minecraft:stone_pickaxe":3,"minecraft:bundle":3,"minecraft:dark_oak_planks":32,"minecraft:wheat":144,"minecraft:cooked_beef":3,"minecraft:crossbow":2,"minecraft:diamond_sword":1,"minecraft:bucket":2,"minecraft:stone_axe":1,"minecraft:amethyst_block":1,"minecraft:bread":51,"minecraft:air":0,"minecraft:iron_leggings":2,"minecraft:stonecutter":2,"minecraft:white_bed":2,"minecraft:torch":348,"minecraft:diamond_chestplate":3},"minecraft:mined":{"minecraft:dark_oak_planks":5,"minecraft:large_amethyst_bud":1,"minecraft:white_bed":3,"minecraft:oak_sapling":2,"minecraft:sculk_vein":13,"minecraft:grass_block":356,"minecraft:chiseled_tuff_bricks":1,"minecraft:tuff_bricks":14,"minecraft:spawner":1,"minecraft:tall_seagrass":1,"minecraft:sculk_catalyst":1,"minecraft:glowstone":16,"minecraft:iron_ore":47,"minecraft:fire":15,"minecraft:polished_tuff":2,"minecraft:azure_bluet":12,"minecraft:pointed_dripstone":13,"minecraft:oak_stairs":2,"minecraft:deepslate_redstone_ore":15,"minecraft:amethyst_cluster":12,"minecraft:torch":10,"minecraft:calcite":12,"minecraft:poppy":13,"minecraft:nether_quartz_ore":22,"minecraft:cobblestone":17,"minecraft:oak_planks":9,"minecraft:wall_torch":8,"minecraft:amethyst_block":2,"minecraft:seagrass":1,"minecraft:waxed_oxidized_copper_trapdoor":3,"minecraft:wheat":6,"minecraft:waxed_copper_block":20,"minecraft:oak_log":144,"minecraft:waxed_oxidized_copper":2,"minecraft:sand":1,"minecraft:dirt":36,"minecraft:smooth_basalt":4,"minecraft:stonecutter":1,"minecraft:netherrack":660,"minecraft:oak_leaves":659,"minecraft:deepslate":149,"minecraft:nether_gold_ore":1,"minecraft:tuff":28,"minecraft:deepslate_diamond_ore":48,"minecraft:oak_door":7,"minecraft:dark_oak_log":8,"minecraft:decorated_pot":16,"minecraft:hay_block":16,"minecraft:waxed_oxidized_cut_copper":1,"minecraft:furnace":5,"minecraft:waxed_copper_grate":2,"minecraft:andesite":21,"minecraft:deepslate_iron_ore":41,"minecraft:rail":1,"minecraft:stone":141,"minecraft:cake":1,"minecraft:smithing_table":1,"minecraft:stone_brick_slab":1,"minecraft:oak_fence":1,"minecraft:crafting_table":12,"minecraft:short_grass":164,"minecraft:emerald_ore":2,"minecraft:sculk_sensor":4,"minecraft:tall_grass":35,"minecraft:deepslate_gold_ore":12,"minecraft:lapis_ore":18,"minecraft:sculk":216,"minecraft:diorite":18,"minecraft:birch_leaves":4,"minecraft:yellow_bed":1,"minecraft:coal_ore":171,"minecraft:gravel":9,"minecraft:cobweb":10}},"DataVersion":4082}