{"stats":{"minecraft:dropped":{"minecraft:orange_bed":1},"minecraft:mined":{"minecraft:short_grass":1},"minecraft:custom":{"minecraft:time_since_rest":7195,"minecraft:open_chest":1,"minecraft:crouch_one_cm":50,"minecraft:play_time":29974,"minecraft:sprint_one_cm":17205,"minecraft:deaths":4,"minecraft:damage_taken":260,"minecraft:walk_one_cm":18236,"minecraft:sneak_time":413,"minecraft:walk_under_water_one_cm":6156,"minecraft:drop":1,"minecraft:jump":72,"minecraft:leave_game":6,"minecraft:walk_on_water_one_cm":349,"minecraft:time_since_death":7162,"minecraft:total_world_time":29974,"minecraft:swim_one_cm":4703,"minecraft:fall_one_cm":627,"minecraft:fly_one_cm":32635},"minecraft:picked_up":{"minecraft:orange_bed":1},"minecraft:used":{"minecraft:bedrock":1,"minecraft:oak_fence":1,"minecraft:orange_bed":2,"minecraft:debug_stick":8,"minecraft:light":27,"minecraft:sea_lantern":4,"minecraft:command_block":4,"minecraft:red_bed":1,"minecraft:oak_sapling":1,"minecraft:barrier":8,"minecraft:oak_planks":3,"minecraft:end_portal_frame":14,"minecraft:petrified_oak_slab":9}},"DataVersion":4082}