{"stats":{"minecraft:killed":{"minecraft:cave_spider":2,"minecraft:spider":5,"minecraft:skeleton":16,"minecraft:piglin":1,"minecraft:pig":2,"minecraft:creeper":1,"minecraft:sheep":13,"minecraft:pillager":16,"minecraft:zombie":20,"minecraft:ghast":1,"minecraft:glow_squid":1,"minecraft:cow":7,"minecraft:drowned":1,"minecraft:rabbit":1,"minecraft:enderman":3},"minecraft:used":{"minecraft:tuff_bricks":10,"minecraft:orange_dye":2,"minecraft:dispenser":1,"minecraft:ladder":2,"minecraft:diamond_hoe":462,"minecraft:oak_sign":8,"minecraft:chest":1,"minecraft:shield":14,"minecraft:rotten_flesh":3,"minecraft:debug_stick":8,"minecraft:mutton":13,"minecraft:carrot":12,"minecraft:tuff":30,"minecraft:obsidian":9,"minecraft:waxed_oxidized_copper":2,"minecraft:grass_block":6,"minecraft:quartz_block":4,"minecraft:bedrock":1,"minecraft:birch_button":1,"minecraft:golden_sword":7,"minecraft:dark_oak_boat":2,"minecraft:ominous_bottle":2,"minecraft:oak_sapling":33,"minecraft:furnace":6,"minecraft:golden_boots":1,"minecraft:stone_pickaxe":131,"minecraft:oak_planks":330,"minecraft:ender_pearl":1,"minecraft:wooden_pickaxe":18,"minecraft:diamond_axe":366,"minecraft:white_wool":1,"minecraft:golden_apple":1,"minecraft:glow_berries":4,"minecraft:blue_dye":1,"minecraft:sand":1,"minecraft:crossbow":15,"minecraft:polished_tuff":2,"minecraft:red_sandstone":1,"minecraft:bread":34,"minecraft:barrier":24,"minecraft:gravel":1,"minecraft:chiseled_tuff_bricks":1,"minecraft:diamond_sword":15,"minecraft:fire_charge":1,"minecraft:smithing_table":1,"minecraft:andesite":5,"minecraft:oak_hanging_sign":4,"minecraft:bone_meal":12,"minecraft:oak_fence":39,"minecraft:petrified_oak_slab":9,"minecraft:netherrack":321,"minecraft:oak_door":6,"minecraft:orange_bed":2,"minecraft:torch":210,"minecraft:dirt":302,"minecraft:light_blue_dye":1,"minecraft:dark_oak_planks":11,"minecraft:wooden_axe":1,"minecraft:sea_lantern":4,"minecraft:oak_stairs":2,"minecraft:spruce_button":1,"minecraft:golden_carrot":12,"minecraft:beef":5,"minecraft:goat_horn":8,"minecraft:cooked_beef":3,"minecraft:cobbled_deepslate":95,"minecraft:golden_axe":32,"minecraft:water_bucket":62,"minecraft:amethyst_block":1,"minecraft:bundle":2,"minecraft:white_dye":1,"minecraft:glow_ink_sac":9,"minecraft:waxed_oxidized_copper_trapdoor":3,"minecraft:rail":15,"minecraft:crafting_table":10,"minecraft:red_bed":1,"minecraft:green_dye":1,"minecraft:white_bed":4,"minecraft:cake":5,"minecraft:smoker":1,"minecraft:oak_log":28,"minecraft:light":27,"minecraft:apple":6,"minecraft:diamond_shovel":381,"minecraft:acacia_sign":1,"minecraft:command_block":6,"minecraft:sunflower":1,"minecraft:iron_pickaxe":744,"minecraft:stone_axe":25,"minecraft:cobblestone":63,"minecraft:white_banner":2,"minecraft:bucket":63,"minecraft:yellow_bed":1,"minecraft:end_portal_frame":14,"minecraft:gray_wool":1},"minecraft:broken":{"minecraft:golden_boots":1,"minecraft:stone_pickaxe":1,"minecraft:golden_axe":1,"minecraft:iron_pickaxe":3},"minecraft:custom":{"minecraft:interact_with_crafting_table":53,"minecraft:open_barrel":2,"minecraft:bell_ring":44,"minecraft:eat_cake_slice":17,"minecraft:leave_game":9,"minecraft:time_since_death":58238,"minecraft:sprint_one_cm":861192,"minecraft:damage_blocked_by_shield":712,"minecraft:drop":93,"minecraft:play_time":415731,"minecraft:deaths":9,"minecraft:jump":5323,"minecraft:walk_on_water_one_cm":31588,"minecraft:interact_with_furnace":45,"minecraft:sleep_in_bed":6,"minecraft:damage_dealt":14947,"minecraft:player_kills":1,"minecraft:crouch_one_cm":6208,"minecraft:inspect_dispenser":3,"minecraft:horse_one_cm":5837,"minecraft:interact_with_smithing_table":3,"minecraft:mob_kills":91,"minecraft:inspect_hopper":2,"minecraft:climb_one_cm":1304,"minecraft:walk_one_cm":855525,"minecraft:sneak_time":6702,"minecraft:walk_under_water_one_cm":30974,"minecraft:boat_one_cm":90582,"minecraft:interact_with_blast_furnace":3,"minecraft:total_world_time":415731,"minecraft:time_since_rest":4799,"minecraft:damage_taken":4894,"minecraft:fly_one_cm":800841,"minecraft:swim_one_cm":62688,"minecraft:open_chest":47,"minecraft:fall_one_cm":140280},"minecraft:crafted":{"minecraft:smooth_stone":6,"minecraft:oak_planks":416,"minecraft:dark_oak_boat":1,"minecraft:stone":101,"minecraft:diamond_shovel":1,"minecraft:quartz_block":4,"minecraft:diamond_helmet":1,"minecraft:iron_boots":1,"minecraft:diamond_leggings":2,"minecraft:chest":1,"minecraft:oak_fence":3,"minecraft:smoker":1,"minecraft:emerald":9,"minecraft:diamond_axe":1,"minecraft:crafting_table":2,"minecraft:wooden_pickaxe":1,"minecraft:smithing_table":1,"minecraft:spectral_arrow":20,"minecraft:iron_chestplate":1,"minecraft:diamond_pickaxe":1,"minecraft:shield":2,"minecraft:stick":60,"minecraft:iron_ingot":15,"minecraft:iron_pickaxe":1,"minecraft:oak_door":3,"minecraft:diamond_hoe":1,"minecraft:furnace":6,"minecraft:bone_meal":12,"minecraft:ladder":6,"minecraft:stone_pickaxe":1,"minecraft:bundle":1,"minecraft:dark_oak_planks":32,"minecraft:wheat":144,"minecraft:cooked_beef":3,"minecraft:crossbow":2,"minecraft:diamond_sword":1,"minecraft:bucket":2,"minecraft:stone_axe":1,"minecraft:amethyst_block":1,"minecraft:bread":49,"minecraft:air":0,"minecraft:iron_leggings":2,"minecraft:white_bed":1,"minecraft:torch":156,"minecraft:diamond_chestplate":3},"minecraft:dropped":{"minecraft:diamond_axe":1,"minecraft:decorated_pot":2,"minecraft:glow_berries":3,"minecraft:honeycomb":7,"minecraft:emerald":11,"minecraft:flint":3,"minecraft:dirt":131,"minecraft:gold_nugget":6,"minecraft:gold_ingot":6,"minecraft:chiseled_tuff_bricks":2,"minecraft:cobbled_deepslate":7,"minecraft:wheat":1,"minecraft:rotten_flesh":4,"minecraft:azure_bluet":25,"minecraft:poppy":17,"minecraft:rabbit_hide":1,"minecraft:quartz":3,"minecraft:bread":28,"minecraft:cobblestone":1,"minecraft:waxed_copper_grate":4,"minecraft:spectral_arrow":10,"minecraft:coal":5,"minecraft:stick":20,"minecraft:golden_carrot":5,"minecraft:torch":2,"minecraft:wooden_axe":1,"minecraft:rabbit":1,"minecraft:diamond_helmet":1,"minecraft:waxed_oxidized_copper":1,"minecraft:iron_leggings":3,"minecraft:iron_axe":1,"minecraft:orange_bed":1,"minecraft:bucket":1,"minecraft:furnace":1,"minecraft:tuff_bricks":6,"minecraft:oak_sign":1,"minecraft:shield":1,"minecraft:diamond_chestplate":1,"minecraft:diamond_pickaxe":1,"minecraft:oak_sapling":2,"minecraft:spider_eye":2,"minecraft:wooden_pickaxe":1},"minecraft:mined":{"minecraft:dark_oak_planks":5,"minecraft:large_amethyst_bud":1,"minecraft:white_bed":3,"minecraft:oak_sapling":2,"minecraft:grass_block":356,"minecraft:chiseled_tuff_bricks":1,"minecraft:tuff_bricks":14,"minecraft:spawner":1,"minecraft:tall_seagrass":1,"minecraft:glowstone":16,"minecraft:iron_ore":25,"minecraft:fire":7,"minecraft:polished_tuff":2,"minecraft:azure_bluet":12,"minecraft:pointed_dripstone":10,"minecraft:oak_stairs":2,"minecraft:amethyst_cluster":11,"minecraft:torch":7,"minecraft:poppy":13,"minecraft:nether_quartz_ore":22,"minecraft:cobblestone":17,"minecraft:oak_planks":8,"minecraft:wall_torch":3,"minecraft:amethyst_block":1,"minecraft:seagrass":1,"minecraft:waxed_oxidized_copper_trapdoor":3,"minecraft:waxed_copper_block":20,"minecraft:oak_log":115,"minecraft:waxed_oxidized_copper":2,"minecraft:sand":1,"minecraft:dirt":18,"minecraft:netherrack":374,"minecraft:oak_leaves":517,"minecraft:deepslate":109,"minecraft:nether_gold_ore":1,"minecraft:tuff":17,"minecraft:deepslate_diamond_ore":37,"minecraft:oak_door":3,"minecraft:dark_oak_log":8,"minecraft:decorated_pot":16,"minecraft:hay_block":16,"minecraft:waxed_oxidized_cut_copper":1,"minecraft:furnace":1,"minecraft:waxed_copper_grate":2,"minecraft:andesite":10,"minecraft:deepslate_iron_ore":18,"minecraft:rail":1,"minecraft:stone":61,"minecraft:cake":1,"minecraft:smithing_table":1,"minecraft:oak_fence":1,"minecraft:crafting_table":8,"minecraft:short_grass":164,"minecraft:tall_grass":35,"minecraft:deepslate_gold_ore":6,"minecraft:lapis_ore":7,"minecraft:diorite":9,"minecraft:birch_leaves":4,"minecraft:yellow_bed":1,"minecraft:coal_ore":84,"minecraft:gravel":1,"minecraft:cobweb":10},"minecraft:picked_up":{"minecraft:wooden_axe":1,"minecraft:iron_chestplate":1,"minecraft:wheat":1,"minecraft:smithing_table":1,"minecraft:oak_stairs":2,"minecraft:birch_button":1,"minecraft:string":13,"minecraft:iron_leggings":2,"minecraft:oak_sign":1,"minecraft:gold_nugget":6,"minecraft:cobbled_deepslate":110,"minecraft:furnace":2,"minecraft:stick":48,"minecraft:oak_fence":2,"minecraft:torch":23,"minecraft:porkchop":4,"minecraft:waxed_copper_grate":4,"minecraft:pointed_dripstone":11,"minecraft:diorite":1,"minecraft:orange_bed":1,"minecraft:stone_sword":1,"minecraft:rotten_flesh":15,"minecraft:red_tulip":1,"minecraft:cobblestone":115,"minecraft:andesite":5,"minecraft:dark_oak_boat":1,"minecraft:tuff":17,"minecraft:lapis_lazuli":39,"minecraft:dirt":520,"minecraft:bone":13,"minecraft:wheat_seeds":34,"minecraft:raw_gold":6,"minecraft:diamond_helmet":1,"minecraft:rabbit":1,"minecraft:glowstone_dust":43,"minecraft:oak_planks":11,"minecraft:waxed_oxidized_copper_trapdoor":3,"minecraft:sand":1,"minecraft:dark_oak_log":8,"minecraft:diamond":37,"minecraft:crossbow":3,"minecraft:granite":2,"minecraft:emerald":28,"minecraft:oak_sapling":43,"minecraft:netherrack":312,"minecraft:crafting_table":8,"minecraft:azure_bluet":25,"minecraft:ominous_bottle":1,"minecraft:wooden_pickaxe":2,"minecraft:iron_axe":1,"minecraft:beef":9,"minecraft:poppy":18,"minecraft:waxed_oxidized_copper":3,"minecraft:egg":1,"minecraft:raw_iron":43,"minecraft:stone":32,"minecraft:oak_door":4,"minecraft:carrot":1,"minecraft:dark_oak_planks":15,"minecraft:arrow":42,"minecraft:decorated_pot":3,"minecraft:hay_block":16,"minecraft:tuff_bricks":16,"minecraft:mutton":13,"minecraft:white_wool":13,"minecraft:rail":3,"minecraft:golden_carrot":5,"minecraft:glow_ink_sac":3,"minecraft:leather":1,"minecraft:yellow_dye":3,"minecraft:oak_log":108,"minecraft:waxed_copper_block":18,"minecraft:yellow_bed":1,"minecraft:white_banner":2,"minecraft:apple":1,"minecraft:rabbit_hide":1,"minecraft:iron_ingot":16,"minecraft:stone_pickaxe":1,"minecraft:iron_sword":1,"minecraft:emerald_block":1,"minecraft:quartz":22,"minecraft:gravel":1,"minecraft:amethyst_shard":44,"minecraft:white_bed":3,"minecraft:spider_eye":2,"minecraft:polished_tuff":2,"minecraft:diamond_axe":1,"minecraft:gray_wool":1,"minecraft:chiseled_tuff_bricks":3,"minecraft:coal":108,"minecraft:ender_pearl":1,"minecraft:sunflower":3}},"DataVersion":4082}