{"stats":{"minecraft:dropped":{"minecraft:orange_bed":1},"minecraft:used":{"minecraft:oak_log":25,"minecraft:oak_fence":37,"minecraft:petrified_oak_slab":9,"minecraft:red_sandstone":1,"minecraft:light":27,"minecraft:sea_lantern":4,"minecraft:acacia_sign":1,"minecraft:command_block":6,"minecraft:barrier":24,"minecraft:oak_planks":3,"minecraft:oak_sign":8,"minecraft:glow_ink_sac":8,"minecraft:birch_button":1,"minecraft:bedrock":1,"minecraft:debug_stick":8,"minecraft:orange_bed":2,"minecraft:crafting_table":1,"minecraft:red_bed":1,"minecraft:oak_sapling":1,"minecraft:end_portal_frame":14,"minecraft:oak_hanging_sign":4},"minecraft:crafted":{"minecraft:oak_planks":24,"minecraft:crafting_table":1},"minecraft:mined":{"minecraft:crafting_table":1,"minecraft:short_grass":1,"minecraft:oak_log":6,"minecraft:oak_leaves":6},"minecraft:picked_up":{"minecraft:crafting_table":1,"minecraft:birch_button":1,"minecraft:oak_log":6,"minecraft:orange_bed":1,"minecraft:oak_sapling":2},"minecraft:custom":{"minecraft:time_since_rest":37093,"minecraft:sprint_one_cm":39514,"minecraft:damage_taken":260,"minecraft:walk_one_cm":56221,"minecraft:drop":1,"minecraft:damage_dealt":35,"minecraft:swim_one_cm":4703,"minecraft:interact_with_crafting_table":1,"minecraft:fly_one_cm":45044,"minecraft:open_chest":1,"minecraft:crouch_one_cm":289,"minecraft:play_time":59872,"minecraft:deaths":4,"minecraft:sneak_time":607,"minecraft:walk_under_water_one_cm":6156,"minecraft:jump":232,"minecraft:leave_game":6,"minecraft:time_since_death":37060,"minecraft:walk_on_water_one_cm":4649,"minecraft:total_world_time":59872,"minecraft:fall_one_cm":2508}},"DataVersion":4082}