{"stats":{"minecraft:custom":{"minecraft:interact_with_furnace":39,"minecraft:mob_kills":11,"minecraft:animals_bred":1,"minecraft:interact_with_crafting_table":90,"minecraft:leave_game":9,"minecraft:time_since_death":137426,"minecraft:sleep_in_bed":2,"minecraft:time_since_rest":29970,"minecraft:sprint_one_cm":82369,"minecraft:damage_taken":459,"minecraft:walk_one_cm":357045,"minecraft:drop":17,"minecraft:damage_dealt":1087,"minecraft:swim_one_cm":21845,"minecraft:fly_one_cm":80535,"minecraft:crouch_one_cm":22323,"minecraft:play_time":137426,"minecraft:sneak_time":7787,"minecraft:walk_under_water_one_cm":8806,"minecraft:jump":988,"minecraft:walk_on_water_one_cm":8293,"minecraft:total_world_time":137426,"minecraft:fall_one_cm":12716},"minecraft:dropped":{"minecraft:iron_sword":1,"minecraft:furnace":1,"minecraft:rotten_flesh":2,"minecraft:granite":120,"minecraft:lava_bucket":1,"minecraft:dirt":34,"minecraft:mutton":1,"minecraft:stone_pickaxe":2,"minecraft:iron_pickaxe":1,"minecraft:bucket":4,"minecraft:netherrack":2},"minecraft:mined":{"minecraft:white_bed":1,"minecraft:blackstone":87,"minecraft:kelp_plant":2,"minecraft:basalt":148,"minecraft:crafting_table":10,"minecraft:torch":2,"minecraft:granite":131,"minecraft:short_grass":136,"minecraft:grass_block":13,"minecraft:copper_ore":4,"minecraft:tall_grass":1,"minecraft:cobblestone":6,"minecraft:lapis_ore":11,"minecraft:oak_planks":15,"minecraft:sugar_cane":1,"minecraft:diorite":2,"minecraft:sandstone":12,"minecraft:wall_torch":16,"minecraft:furnace":4,"minecraft:iron_ore":44,"minecraft:cobbled_deepslate":2,"minecraft:birch_leaves":1,"minecraft:andesite":19,"minecraft:coal_ore":54,"minecraft:oak_log":68,"minecraft:gravel":14,"minecraft:sand":245,"minecraft:dirt":23,"minecraft:stone":474,"minecraft:netherrack":33,"minecraft:oak_leaves":34,"minecraft:deepslate":87},"minecraft:used":{"minecraft:cooked_mutton":6,"minecraft:water_bucket":19,"minecraft:diorite":2,"minecraft:flint_and_steel":1,"minecraft:stone_shovel":217,"minecraft:stone_pickaxe":1111,"minecraft:oak_planks":111,"minecraft:blackstone":19,"minecraft:wooden_pickaxe":59,"minecraft:sandstone":6,"minecraft:iron_chestplate":1,"minecraft:oak_door":2,"minecraft:torch":64,"minecraft:dirt":1,"minecraft:sand":44,"minecraft:crafting_table":12,"minecraft:white_bed":2,"minecraft:oak_log":21,"minecraft:glass":27,"minecraft:lava_bucket":14,"minecraft:iron_helmet":1,"minecraft:iron_boots":1,"minecraft:stone_axe":192,"minecraft:cobblestone":170,"minecraft:golden_carrot":1,"minecraft:furnace":8,"minecraft:andesite":19,"minecraft:bucket":33,"minecraft:cobbled_deepslate":73,"minecraft:iron_leggings":1},"minecraft:killed":{"minecraft:pig":1,"minecraft:sheep":4,"minecraft:zombie":1,"minecraft:chicken":4,"minecraft:cow":1},"minecraft:picked_up":{"minecraft:charcoal":6,"minecraft:crafting_table":10,"minecraft:feather":4,"minecraft:basalt":64,"minecraft:chicken":3,"minecraft:golden_carrot":1,"minecraft:water_bucket":1,"minecraft:andesite":19,"minecraft:leather":2,"minecraft:flint":4,"minecraft:oak_log":73,"minecraft:lapis_lazuli":74,"minecraft:dirt":35,"minecraft:raw_copper":10,"minecraft:cooked_mutton":6,"minecraft:blackstone":83,"minecraft:kelp":2,"minecraft:wheat_seeds":16,"minecraft:cobbled_deepslate":85,"minecraft:bucket":4,"minecraft:stone_pickaxe":1,"minecraft:iron_ingot":26,"minecraft:beef":3,"minecraft:iron_pickaxe":1,"minecraft:sugar_cane":3,"minecraft:iron_sword":1,"minecraft:oak_planks":46,"minecraft:furnace":4,"minecraft:stick":2,"minecraft:raw_iron":44,"minecraft:sandstone":8,"minecraft:torch":28,"minecraft:gravel":10,"minecraft:lava_bucket":1,"minecraft:porkchop":3,"minecraft:sand":237,"minecraft:diorite":2,"minecraft:white_bed":1,"minecraft:rotten_flesh":4,"minecraft:granite":120,"minecraft:oak_sapling":3,"minecraft:bread":4,"minecraft:netherrack":2,"minecraft:mutton":7,"minecraft:coal":114,"minecraft:white_wool":3,"minecraft:cobblestone":472},"minecraft:crafted":{"minecraft:oak_door":3,"minecraft:oak_planks":164,"minecraft:stone_shovel":2,"minecraft:crafting_table":2,"minecraft:cooked_chicken":3,"minecraft:wooden_pickaxe":1,"minecraft:iron_helmet":1,"minecraft:furnace":5,"minecraft:stone":15,"minecraft:bucket":3,"minecraft:stone_axe":1,"minecraft:flint_and_steel":1,"minecraft:glass":27,"minecraft:iron_chestplate":1,"minecraft:iron_boots":1,"minecraft:shield":1,"minecraft:stick":36,"minecraft:iron_ingot":18,"minecraft:stone_pickaxe":10,"minecraft:iron_leggings":1,"minecraft:white_bed":1,"minecraft:torch":36},"minecraft:broken":{"minecraft:stone_pickaxe":8,"minecraft:stone_axe":1,"minecraft:stone_shovel":1,"minecraft:wooden_pickaxe":1}},"DataVersion":4082}