{"stats":{"minecraft:dropped":{"minecraft:rotten_flesh":2,"minecraft:granite":120,"minecraft:lava_bucket":1,"minecraft:dirt":34,"minecraft:stone_pickaxe":2,"minecraft:bucket":4,"minecraft:netherrack":2},"minecraft:killed":{"minecraft:pig":1,"minecraft:sheep":4,"minecraft:zombie":1,"minecraft:chicken":4,"minecraft:cow":1},"minecraft:custom":{"minecraft:interact_with_furnace":18,"minecraft:mob_kills":11,"minecraft:animals_bred":1,"minecraft:interact_with_crafting_table":86,"minecraft:leave_game":8,"minecraft:time_since_death":102571,"minecraft:sleep_in_bed":1,"minecraft:time_since_rest":21342,"minecraft:sprint_one_cm":74018,"minecraft:damage_taken":368,"minecraft:walk_one_cm":222140,"minecraft:drop":13,"minecraft:damage_dealt":1087,"minecraft:swim_one_cm":21473,"minecraft:fly_one_cm":64123,"minecraft:crouch_one_cm":12022,"minecraft:play_time":102571,"minecraft:sneak_time":4178,"minecraft:walk_under_water_one_cm":8660,"minecraft:jump":771,"minecraft:walk_on_water_one_cm":7808,"minecraft:total_world_time":102571,"minecraft:fall_one_cm":7009},"minecraft:used":{"minecraft:cooked_mutton":6,"minecraft:water_bucket":19,"minecraft:diorite":2,"minecraft:flint_and_steel":1,"minecraft:stone_pickaxe":1076,"minecraft:wooden_pickaxe":59,"minecraft:iron_chestplate":1,"minecraft:torch":58,"minecraft:dirt":1,"minecraft:crafting_table":11,"minecraft:white_bed":1,"minecraft:lava_bucket":14,"minecraft:iron_helmet":1,"minecraft:iron_boots":1,"minecraft:stone_axe":149,"minecraft:golden_carrot":1,"minecraft:cobblestone":170,"minecraft:furnace":4,"minecraft:bucket":33,"minecraft:cobbled_deepslate":28,"minecraft:iron_leggings":1},"minecraft:picked_up":{"minecraft:charcoal":6,"minecraft:crafting_table":9,"minecraft:feather":4,"minecraft:basalt":64,"minecraft:chicken":3,"minecraft:golden_carrot":1,"minecraft:water_bucket":1,"minecraft:andesite":18,"minecraft:leather":2,"minecraft:flint":4,"minecraft:oak_log":42,"minecraft:lapis_lazuli":74,"minecraft:dirt":35,"minecraft:raw_copper":10,"minecraft:cooked_mutton":6,"minecraft:blackstone":64,"minecraft:kelp":2,"minecraft:wheat_seeds":16,"minecraft:cobbled_deepslate":84,"minecraft:bucket":4,"minecraft:stone_pickaxe":1,"minecraft:beef":3,"minecraft:iron_ingot":26,"minecraft:sugar_cane":3,"minecraft:oak_planks":39,"minecraft:furnace":3,"minecraft:stick":2,"minecraft:raw_iron":44,"minecraft:torch":27,"minecraft:gravel":10,"minecraft:lava_bucket":1,"minecraft:porkchop":3,"minecraft:sand":8,"minecraft:diorite":2,"minecraft:rotten_flesh":4,"minecraft:granite":120,"minecraft:netherrack":2,"minecraft:coal":73,"minecraft:mutton":7,"minecraft:white_wool":3,"minecraft:cobblestone":471},"minecraft:broken":{"minecraft:stone_pickaxe":7,"minecraft:wooden_pickaxe":1},"minecraft:crafted":{"minecraft:oak_planks":104,"minecraft:crafting_table":2,"minecraft:wooden_pickaxe":1,"minecraft:iron_helmet":1,"minecraft:furnace":3,"minecraft:bucket":3,"minecraft:stone_axe":1,"minecraft:flint_and_steel":1,"minecraft:iron_boots":1,"minecraft:iron_chestplate":1,"minecraft:shield":1,"minecraft:stick":32,"minecraft:iron_ingot":18,"minecraft:stone_pickaxe":10,"minecraft:iron_leggings":1,"minecraft:white_bed":1,"minecraft:torch":36},"minecraft:mined":{"minecraft:blackstone":78,"minecraft:kelp_plant":2,"minecraft:basalt":143,"minecraft:crafting_table":9,"minecraft:torch":2,"minecraft:granite":131,"minecraft:short_grass":135,"minecraft:grass_block":13,"minecraft:tall_grass":1,"minecraft:copper_ore":4,"minecraft:cobblestone":6,"minecraft:lapis_ore":11,"minecraft:sugar_cane":1,"minecraft:diorite":2,"minecraft:wall_torch":15,"minecraft:furnace":3,"minecraft:iron_ore":44,"minecraft:cobbled_deepslate":1,"minecraft:birch_leaves":1,"minecraft:andesite":18,"minecraft:coal_ore":54,"minecraft:oak_log":37,"minecraft:sand":9,"minecraft:gravel":14,"minecraft:dirt":23,"minecraft:stone":473,"minecraft:netherrack":32,"minecraft:oak_leaves":20,"minecraft:deepslate":87}},"DataVersion":4082}