{"stats":{"minecraft:custom":{"minecraft:mob_kills":17,"minecraft:animals_bred":1,"minecraft:interact_with_crafting_table":92,"minecraft:leave_game":9,"minecraft:time_since_death":149426,"minecraft:sprint_one_cm":90100,"minecraft:walk_one_cm":406410,"minecraft:damage_blocked_by_shield":326,"minecraft:drop":17,"minecraft:play_time":149426,"minecraft:sneak_time":7839,"minecraft:walk_under_water_one_cm":10491,"minecraft:jump":1089,"minecraft:walk_on_water_one_cm":10340,"minecraft:total_world_time":149426,"minecraft:interact_with_furnace":44,"minecraft:sleep_in_bed":2,"minecraft:time_since_rest":41970,"minecraft:damage_taken":537,"minecraft:damage_dealt":2257,"minecraft:swim_one_cm":25400,"minecraft:fly_one_cm":91170,"minecraft:crouch_one_cm":22421,"minecraft:fall_one_cm":13552},"minecraft:dropped":{"minecraft:iron_sword":1,"minecraft:granite":120,"minecraft:lava_bucket":1,"minecraft:dirt":34,"minecraft:mutton":1,"minecraft:iron_pickaxe":1,"minecraft:bucket":4,"minecraft:furnace":1,"minecraft:rotten_flesh":2,"minecraft:stone_pickaxe":2,"minecraft:netherrack":2},"minecraft:used":{"minecraft:flint_and_steel":1,"minecraft:stone_shovel":233,"minecraft:shield":13,"minecraft:stone":17,"minecraft:iron_sword":22,"minecraft:rotten_flesh":3,"minecraft:iron_chestplate":1,"minecraft:oak_door":2,"minecraft:torch":68,"minecraft:dirt":1,"minecraft:glass":27,"minecraft:lava_bucket":14,"minecraft:iron_helmet":1,"minecraft:iron_boots":1,"minecraft:golden_carrot":1,"minecraft:furnace":8,"minecraft:oak_sapling":3,"minecraft:cobbled_deepslate":73,"minecraft:iron_leggings":1,"minecraft:cooked_mutton":6,"minecraft:water_bucket":19,"minecraft:diorite":2,"minecraft:stone_pickaxe":1112,"minecraft:oak_planks":118,"minecraft:blackstone":19,"minecraft:wooden_pickaxe":59,"minecraft:sandstone":6,"minecraft:sugar_cane":3,"minecraft:sand":44,"minecraft:crafting_table":12,"minecraft:white_bed":3,"minecraft:oak_log":21,"minecraft:bread":1,"minecraft:gravel":13,"minecraft:stone_axe":192,"minecraft:cobblestone":170,"minecraft:bucket":33,"minecraft:andesite":19},"minecraft:mined":{"minecraft:white_bed":2,"minecraft:granite":131,"minecraft:grass_block":14,"minecraft:sandstone":13,"minecraft:furnace":4,"minecraft:iron_ore":44,"minecraft:cobbled_deepslate":2,"minecraft:andesite":19,"minecraft:stone":474,"minecraft:blackstone":87,"minecraft:kelp_plant":2,"minecraft:basalt":148,"minecraft:crafting_table":10,"minecraft:torch":2,"minecraft:short_grass":136,"minecraft:cobblestone":6,"minecraft:tall_grass":1,"minecraft:copper_ore":4,"minecraft:lapis_ore":11,"minecraft:sugar_cane":1,"minecraft:oak_planks":17,"minecraft:diorite":2,"minecraft:wall_torch":16,"minecraft:birch_log":7,"minecraft:birch_leaves":2,"minecraft:oak_log":68,"minecraft:coal_ore":54,"minecraft:sand":264,"minecraft:gravel":17,"minecraft:dirt":23,"minecraft:netherrack":33,"minecraft:oak_leaves":34,"minecraft:deepslate":87},"minecraft:killed":{"minecraft:spider":1,"minecraft:skeleton":1,"minecraft:chicken":4,"minecraft:drowned":2,"minecraft:pig":1,"minecraft:sheep":4,"minecraft:zombie":3,"minecraft:cow":1},"minecraft:picked_up":{"minecraft:charcoal":6,"minecraft:crafting_table":10,"minecraft:chicken":3,"minecraft:string":1,"minecraft:raw_copper":10,"minecraft:blackstone":83,"minecraft:gold_nugget":25,"minecraft:cobbled_deepslate":85,"minecraft:bucket":4,"minecraft:beef":3,"minecraft:iron_pickaxe":1,"minecraft:sugar_cane":3,"minecraft:furnace":4,"minecraft:raw_iron":44,"minecraft:stick":2,"minecraft:sandstone":13,"minecraft:torch":28,"minecraft:porkchop":3,"minecraft:diorite":2,"minecraft:rotten_flesh":8,"minecraft:mutton":7,"minecraft:white_wool":3,"minecraft:cobblestone":472,"minecraft:birch_log":7,"minecraft:feather":4,"minecraft:basalt":64,"minecraft:golden_carrot":1,"minecraft:water_bucket":1,"minecraft:andesite":19,"minecraft:leather":2,"minecraft:flint":4,"minecraft:oak_log":73,"minecraft:dirt":54,"minecraft:lapis_lazuli":74,"minecraft:cooked_mutton":6,"minecraft:kelp":2,"minecraft:wheat_seeds":16,"minecraft:iron_ingot":26,"minecraft:stone_pickaxe":1,"minecraft:oak_planks":48,"minecraft:iron_sword":1,"minecraft:lava_bucket":1,"minecraft:gravel":13,"minecraft:sand":255,"minecraft:white_bed":2,"minecraft:crying_obsidian":1,"minecraft:granite":120,"minecraft:bread":4,"minecraft:oak_sapling":3,"minecraft:netherrack":2,"minecraft:coal":114},"minecraft:crafted":{"minecraft:oak_door":3,"minecraft:oak_planks":164,"minecraft:stone_shovel":2,"minecraft:cooked_chicken":3,"minecraft:furnace":5,"minecraft:stone":17,"minecraft:flint_and_steel":1,"minecraft:glass":27,"minecraft:iron_boots":1,"minecraft:stone_pickaxe":10,"minecraft:crafting_table":2,"minecraft:wooden_pickaxe":1,"minecraft:iron_helmet":1,"minecraft:iron_sword":1,"minecraft:bucket":3,"minecraft:birch_planks":28,"minecraft:stone_axe":1,"minecraft:iron_chestplate":1,"minecraft:shield":1,"minecraft:stick":40,"minecraft:iron_ingot":18,"minecraft:iron_leggings":1,"minecraft:white_bed":1,"minecraft:torch":40},"minecraft:broken":{"minecraft:wooden_pickaxe":1,"minecraft:stone_pickaxe":8,"minecraft:stone_axe":1,"minecraft:stone_shovel":1}},"DataVersion":4082}