{"stats":{"minecraft:custom":{"minecraft:mob_kills":18,"minecraft:animals_bred":1,"minecraft:interact_with_crafting_table":98,"minecraft:leave_game":10,"minecraft:time_since_death":179082,"minecraft:sprint_one_cm":141693,"minecraft:walk_one_cm":499260,"minecraft:damage_blocked_by_shield":326,"minecraft:drop":17,"minecraft:play_time":179082,"minecraft:sneak_time":9348,"minecraft:walk_under_water_one_cm":10836,"minecraft:jump":1483,"minecraft:walk_on_water_one_cm":13025,"minecraft:total_world_time":179082,"minecraft:interact_with_furnace":44,"minecraft:sleep_in_bed":2,"minecraft:time_since_rest":71626,"minecraft:damage_taken":761,"minecraft:damage_dealt":2806,"minecraft:swim_one_cm":37442,"minecraft:fly_one_cm":151945,"minecraft:open_chest":1,"minecraft:crouch_one_cm":26978,"minecraft:fall_one_cm":20992},"minecraft:dropped":{"minecraft:iron_sword":1,"minecraft:granite":120,"minecraft:lava_bucket":1,"minecraft:dirt":34,"minecraft:mutton":1,"minecraft:iron_pickaxe":1,"minecraft:bucket":4,"minecraft:furnace":1,"minecraft:rotten_flesh":2,"minecraft:stone_pickaxe":2,"minecraft:netherrack":2},"minecraft:used":{"minecraft:flint_and_steel":1,"minecraft:stone_shovel":295,"minecraft:chest":1,"minecraft:shield":13,"minecraft:stone":17,"minecraft:iron_sword":37,"minecraft:cooked_chicken":3,"minecraft:stone_hoe":20,"minecraft:rotten_flesh":3,"minecraft:iron_chestplate":1,"minecraft:oak_door":2,"minecraft:torch":73,"minecraft:dirt":88,"minecraft:glass":27,"minecraft:lava_bucket":14,"minecraft:iron_helmet":1,"minecraft:iron_boots":1,"minecraft:basalt":24,"minecraft:golden_carrot":1,"minecraft:furnace":8,"minecraft:oak_sapling":3,"minecraft:cobbled_deepslate":73,"minecraft:iron_leggings":1,"minecraft:wheat_seeds":20,"minecraft:cooked_mutton":6,"minecraft:water_bucket":20,"minecraft:diorite":2,"minecraft:stone_pickaxe":1353,"minecraft:oak_planks":118,"minecraft:blackstone":40,"minecraft:wooden_pickaxe":59,"minecraft:sandstone":13,"minecraft:sugar_cane":3,"minecraft:sand":129,"minecraft:crafting_table":13,"minecraft:white_bed":3,"minecraft:oak_log":21,"minecraft:bread":1,"minecraft:gravel":13,"minecraft:stone_axe":204,"minecraft:cobblestone":201,"minecraft:bucket":34,"minecraft:andesite":19},"minecraft:mined":{"minecraft:nether_gold_ore":15,"minecraft:white_bed":2,"minecraft:granite":131,"minecraft:grass_block":78,"minecraft:sandstone":13,"minecraft:glowstone":13,"minecraft:furnace":4,"minecraft:iron_ore":44,"minecraft:cobbled_deepslate":2,"minecraft:andesite":19,"minecraft:stone":474,"minecraft:blackstone":103,"minecraft:kelp_plant":2,"minecraft:basalt":273,"minecraft:crafting_table":10,"minecraft:torch":2,"minecraft:short_grass":208,"minecraft:nether_quartz_ore":20,"minecraft:cobblestone":6,"minecraft:tall_grass":1,"minecraft:copper_ore":4,"minecraft:lapis_ore":11,"minecraft:sugar_cane":1,"minecraft:oak_planks":17,"minecraft:diorite":2,"minecraft:wall_torch":17,"minecraft:birch_log":7,"minecraft:birch_leaves":2,"minecraft:oak_log":81,"minecraft:coal_ore":54,"minecraft:sand":285,"minecraft:gravel":17,"minecraft:dirt":29,"minecraft:netherrack":84,"minecraft:oak_leaves":36,"minecraft:deepslate":87},"minecraft:killed":{"minecraft:spider":1,"minecraft:skeleton":1,"minecraft:chicken":4,"minecraft:drowned":2,"minecraft:pig":1,"minecraft:sheep":4,"minecraft:zombie":3,"minecraft:enderman":1,"minecraft:cow":1},"minecraft:picked_up":{"minecraft:charcoal":6,"minecraft:crafting_table":10,"minecraft:chicken":3,"minecraft:string":1,"minecraft:raw_copper":10,"minecraft:blackstone":97,"minecraft:gold_nugget":82,"minecraft:cobbled_deepslate":85,"minecraft:bucket":4,"minecraft:beef":3,"minecraft:iron_pickaxe":1,"minecraft:sugar_cane":3,"minecraft:furnace":4,"minecraft:raw_iron":44,"minecraft:stick":2,"minecraft:sandstone":13,"minecraft:torch":29,"minecraft:porkchop":3,"minecraft:diorite":2,"minecraft:rotten_flesh":8,"minecraft:mutton":7,"minecraft:white_wool":3,"minecraft:cobblestone":472,"minecraft:birch_log":7,"minecraft:feather":4,"minecraft:basalt":189,"minecraft:golden_carrot":1,"minecraft:water_bucket":1,"minecraft:andesite":19,"minecraft:leather":2,"minecraft:flint":4,"minecraft:oak_log":86,"minecraft:dirt":122,"minecraft:lapis_lazuli":74,"minecraft:cooked_mutton":6,"minecraft:kelp":2,"minecraft:wheat_seeds":24,"minecraft:iron_ingot":26,"minecraft:stone_pickaxe":1,"minecraft:glowstone_dust":40,"minecraft:oak_planks":48,"minecraft:iron_sword":1,"minecraft:quartz":20,"minecraft:lava_bucket":1,"minecraft:gravel":13,"minecraft:sand":275,"minecraft:white_bed":2,"minecraft:grass_block":1,"minecraft:crying_obsidian":1,"minecraft:granite":120,"minecraft:bread":4,"minecraft:oak_sapling":3,"minecraft:netherrack":51,"minecraft:coal":114},"minecraft:crafted":{"minecraft:oak_door":3,"minecraft:oak_planks":180,"minecraft:stone_shovel":3,"minecraft:cooked_chicken":3,"minecraft:furnace":5,"minecraft:stone":17,"minecraft:flint_and_steel":1,"minecraft:glass":27,"minecraft:iron_boots":1,"minecraft:stone_pickaxe":11,"minecraft:chest":1,"minecraft:stone_hoe":1,"minecraft:crafting_table":3,"minecraft:wooden_pickaxe":1,"minecraft:iron_helmet":1,"minecraft:iron_sword":1,"minecraft:bucket":3,"minecraft:birch_planks":28,"minecraft:stone_axe":2,"minecraft:iron_chestplate":1,"minecraft:shield":1,"minecraft:stick":48,"minecraft:iron_ingot":18,"minecraft:gold_ingot":2,"minecraft:iron_leggings":1,"minecraft:white_bed":1,"minecraft:torch":44},"minecraft:broken":{"minecraft:wooden_pickaxe":1,"minecraft:stone_pickaxe":10,"minecraft:stone_axe":1,"minecraft:stone_shovel":2}},"DataVersion":4082}