{"stats":{"minecraft:killed":{"minecraft:sheep":3,"minecraft:chicken":3,"minecraft:cow":1},"minecraft:custom":{"minecraft:time_since_rest":29939,"minecraft:interact_with_furnace":2,"minecraft:sprint_one_cm":22879,"minecraft:damage_taken":293,"minecraft:walk_one_cm":47410,"minecraft:mob_kills":7,"minecraft:damage_dealt":558,"minecraft:interact_with_crafting_table":11,"minecraft:swim_one_cm":16027,"minecraft:fly_one_cm":27565,"minecraft:crouch_one_cm":217,"minecraft:play_time":29939,"minecraft:sneak_time":280,"minecraft:walk_under_water_one_cm":4534,"minecraft:jump":212,"minecraft:walk_on_water_one_cm":2255,"minecraft:time_since_death":29939,"minecraft:total_world_time":29939,"minecraft:fall_one_cm":1738},"minecraft:used":{"minecraft:stone_pickaxe":441,"minecraft:wooden_pickaxe":1,"minecraft:torch":17,"minecraft:stone_axe":43,"minecraft:dirt":1,"minecraft:golden_carrot":1,"minecraft:crafting_table":5,"minecraft:furnace":2},"minecraft:picked_up":{"minecraft:raw_iron":12,"minecraft:crafting_table":5,"minecraft:feather":2,"minecraft:chicken":2,"minecraft:golden_carrot":1,"minecraft:andesite":11,"minecraft:leather":2,"minecraft:torch":10,"minecraft:gravel":3,"minecraft:flint":3,"minecraft:oak_log":28,"minecraft:dirt":11,"minecraft:raw_copper":10,"minecraft:cooked_mutton":6,"minecraft:kelp":2,"minecraft:cobbled_deepslate":69,"minecraft:granite":54,"minecraft:beef":3,"minecraft:oak_planks":4,"minecraft:mutton":6,"minecraft:coal":29,"minecraft:white_wool":3,"minecraft:cobblestone":241,"minecraft:furnace":1},"minecraft:broken":{"minecraft:stone_pickaxe":3},"minecraft:crafted":{"minecraft:oak_planks":68,"minecraft:crafting_table":1,"minecraft:stick":20,"minecraft:wooden_pickaxe":1,"minecraft:stone_pickaxe":4,"minecraft:furnace":1,"minecraft:white_bed":1,"minecraft:torch":12,"minecraft:stone_axe":1},"minecraft:mined":{"minecraft:furnace":1,"minecraft:kelp_plant":2,"minecraft:iron_ore":12,"minecraft:andesite":11,"minecraft:torch":1,"minecraft:crafting_table":5,"minecraft:granite":65,"minecraft:short_grass":4,"minecraft:oak_log":28,"minecraft:grass_block":7,"minecraft:coal_ore":32,"minecraft:gravel":6,"minecraft:dirt":4,"minecraft:copper_ore":4,"minecraft:tall_grass":1,"minecraft:stone":223,"minecraft:deepslate":72,"minecraft:wall_torch":2,"minecraft:oak_leaves":6}},"DataVersion":4082}