{"stats":{"minecraft:dropped":{"minecraft:stone_pickaxe":1},"minecraft:killed":{"minecraft:sheep":3,"minecraft:chicken":3,"minecraft:cow":1},"minecraft:custom":{"minecraft:time_since_rest":44485,"minecraft:interact_with_furnace":13,"minecraft:sprint_one_cm":22879,"minecraft:damage_taken":293,"minecraft:walk_one_cm":69200,"minecraft:mob_kills":7,"minecraft:drop":1,"minecraft:damage_dealt":558,"minecraft:interact_with_crafting_table":25,"minecraft:swim_one_cm":16027,"minecraft:fly_one_cm":27591,"minecraft:crouch_one_cm":217,"minecraft:play_time":44485,"minecraft:sneak_time":280,"minecraft:walk_under_water_one_cm":4534,"minecraft:jump":314,"minecraft:leave_game":1,"minecraft:walk_on_water_one_cm":2255,"minecraft:time_since_death":44485,"minecraft:total_world_time":44485,"minecraft:fall_one_cm":1738},"minecraft:used":{"minecraft:cooked_mutton":3,"minecraft:stone_pickaxe":675,"minecraft:wooden_pickaxe":1,"minecraft:torch":28,"minecraft:stone_axe":44,"minecraft:cobblestone":8,"minecraft:dirt":1,"minecraft:golden_carrot":1,"minecraft:crafting_table":7,"minecraft:furnace":3},"minecraft:picked_up":{"minecraft:charcoal":6,"minecraft:raw_iron":26,"minecraft:crafting_table":6,"minecraft:feather":2,"minecraft:chicken":2,"minecraft:golden_carrot":1,"minecraft:andesite":11,"minecraft:leather":2,"minecraft:torch":12,"minecraft:gravel":3,"minecraft:flint":3,"minecraft:oak_log":33,"minecraft:lapis_lazuli":35,"minecraft:dirt":11,"minecraft:raw_copper":10,"minecraft:cooked_mutton":6,"minecraft:kelp":2,"minecraft:iron_ingot":26,"minecraft:cobbled_deepslate":84,"minecraft:stone_pickaxe":1,"minecraft:granite":116,"minecraft:beef":3,"minecraft:oak_planks":39,"minecraft:mutton":6,"minecraft:coal":51,"minecraft:white_wool":3,"minecraft:cobblestone":379,"minecraft:furnace":3},"minecraft:broken":{"minecraft:stone_pickaxe":5},"minecraft:crafted":{"minecraft:oak_planks":68,"minecraft:crafting_table":2,"minecraft:stick":20,"minecraft:wooden_pickaxe":1,"minecraft:stone_pickaxe":6,"minecraft:furnace":3,"minecraft:white_bed":1,"minecraft:torch":16,"minecraft:stone_axe":1},"minecraft:mined":{"minecraft:furnace":3,"minecraft:kelp_plant":2,"minecraft:iron_ore":26,"minecraft:andesite":11,"minecraft:torch":2,"minecraft:crafting_table":6,"minecraft:granite":127,"minecraft:short_grass":4,"minecraft:oak_log":28,"minecraft:grass_block":7,"minecraft:coal_ore":32,"minecraft:gravel":6,"minecraft:dirt":4,"minecraft:copper_ore":4,"minecraft:tall_grass":1,"minecraft:cobblestone":1,"minecraft:lapis_ore":5,"minecraft:stone":356,"minecraft:deepslate":87,"minecraft:wall_torch":3,"minecraft:oak_leaves":6}},"DataVersion":4082}