{"stats":{"minecraft:custom":{"minecraft:time_since_rest":5939,"minecraft:crouch_one_cm":120,"minecraft:play_time":5939,"minecraft:sprint_one_cm":1073,"minecraft:damage_taken":273,"minecraft:walk_one_cm":10142,"minecraft:sneak_time":66,"minecraft:walk_under_water_one_cm":929,"minecraft:jump":57,"minecraft:damage_dealt":8,"minecraft:time_since_death":5939,"minecraft:walk_on_water_one_cm":564,"minecraft:total_world_time":5939,"minecraft:fall_one_cm":209,"minecraft:swim_one_cm":8382,"minecraft:interact_with_crafting_table":3,"minecraft:fly_one_cm":4633},"minecraft:used":{"minecraft:golden_carrot":1,"minecraft:crafting_table":1,"minecraft:stone_pickaxe":4},"minecraft:picked_up":{"minecraft:crafting_table":1,"minecraft:golden_carrot":1,"minecraft:kelp":2,"minecraft:oak_log":6,"minecraft:dirt":2,"minecraft:cobblestone":34},"minecraft:crafted":{"minecraft:oak_planks":24,"minecraft:crafting_table":1,"minecraft:stick":4,"minecraft:wooden_pickaxe":1,"minecraft:stone_pickaxe":1},"minecraft:mined":{"minecraft:grass_block":2,"minecraft:oak_log":6,"minecraft:kelp_plant":2,"minecraft:stone":2,"minecraft:oak_leaves":3,"minecraft:crafting_table":1}},"DataVersion":4082}