{"stats":{"minecraft:custom":{"minecraft:interact_with_furnace":20,"minecraft:mob_kills":11,"minecraft:animals_bred":1,"minecraft:interact_with_crafting_table":89,"minecraft:leave_game":9,"minecraft:time_since_death":125426,"minecraft:sleep_in_bed":2,"minecraft:time_since_rest":17970,"minecraft:sprint_one_cm":79411,"minecraft:damage_taken":429,"minecraft:walk_one_cm":305864,"minecraft:drop":16,"minecraft:damage_dealt":1087,"minecraft:swim_one_cm":21473,"minecraft:fly_one_cm":71823,"minecraft:crouch_one_cm":20686,"minecraft:play_time":125426,"minecraft:sneak_time":7239,"minecraft:walk_under_water_one_cm":8660,"minecraft:jump":915,"minecraft:walk_on_water_one_cm":7852,"minecraft:total_world_time":125426,"minecraft:fall_one_cm":10547},"minecraft:dropped":{"minecraft:iron_sword":1,"minecraft:furnace":1,"minecraft:rotten_flesh":2,"minecraft:granite":120,"minecraft:lava_bucket":1,"minecraft:dirt":34,"minecraft:mutton":1,"minecraft:stone_pickaxe":2,"minecraft:bucket":4,"minecraft:netherrack":2},"minecraft:mined":{"minecraft:white_bed":1,"minecraft:blackstone":87,"minecraft:kelp_plant":2,"minecraft:basalt":148,"minecraft:crafting_table":10,"minecraft:torch":2,"minecraft:granite":131,"minecraft:short_grass":136,"minecraft:grass_block":13,"minecraft:copper_ore":4,"minecraft:tall_grass":1,"minecraft:cobblestone":6,"minecraft:lapis_ore":11,"minecraft:sugar_cane":1,"minecraft:diorite":2,"minecraft:sandstone":6,"minecraft:wall_torch":16,"minecraft:furnace":4,"minecraft:iron_ore":44,"minecraft:cobbled_deepslate":2,"minecraft:birch_leaves":1,"minecraft:andesite":19,"minecraft:coal_ore":54,"minecraft:oak_log":54,"minecraft:gravel":14,"minecraft:sand":241,"minecraft:dirt":23,"minecraft:stone":473,"minecraft:netherrack":33,"minecraft:oak_leaves":25,"minecraft:deepslate":87},"minecraft:used":{"minecraft:cooked_mutton":6,"minecraft:water_bucket":19,"minecraft:diorite":2,"minecraft:flint_and_steel":1,"minecraft:stone_shovel":217,"minecraft:stone_pickaxe":1100,"minecraft:oak_planks":57,"minecraft:blackstone":19,"minecraft:wooden_pickaxe":59,"minecraft:iron_chestplate":1,"minecraft:torch":64,"minecraft:dirt":1,"minecraft:sand":44,"minecraft:crafting_table":12,"minecraft:white_bed":2,"minecraft:oak_log":21,"minecraft:lava_bucket":14,"minecraft:iron_helmet":1,"minecraft:iron_boots":1,"minecraft:stone_axe":169,"minecraft:cobblestone":170,"minecraft:golden_carrot":1,"minecraft:furnace":8,"minecraft:andesite":19,"minecraft:bucket":33,"minecraft:cobbled_deepslate":73,"minecraft:iron_leggings":1},"minecraft:killed":{"minecraft:pig":1,"minecraft:sheep":4,"minecraft:zombie":1,"minecraft:chicken":4,"minecraft:cow":1},"minecraft:picked_up":{"minecraft:charcoal":6,"minecraft:crafting_table":10,"minecraft:feather":4,"minecraft:basalt":64,"minecraft:chicken":3,"minecraft:golden_carrot":1,"minecraft:water_bucket":1,"minecraft:andesite":19,"minecraft:leather":2,"minecraft:flint":4,"minecraft:oak_log":59,"minecraft:lapis_lazuli":74,"minecraft:dirt":35,"minecraft:raw_copper":10,"minecraft:cooked_mutton":6,"minecraft:blackstone":83,"minecraft:kelp":2,"minecraft:wheat_seeds":16,"minecraft:cobbled_deepslate":85,"minecraft:bucket":4,"minecraft:stone_pickaxe":1,"minecraft:iron_ingot":26,"minecraft:beef":3,"minecraft:iron_pickaxe":1,"minecraft:sugar_cane":3,"minecraft:iron_sword":1,"minecraft:oak_planks":39,"minecraft:furnace":4,"minecraft:stick":2,"minecraft:raw_iron":44,"minecraft:sandstone":6,"minecraft:torch":28,"minecraft:gravel":10,"minecraft:lava_bucket":1,"minecraft:porkchop":3,"minecraft:sand":234,"minecraft:diorite":2,"minecraft:white_bed":1,"minecraft:rotten_flesh":4,"minecraft:granite":120,"minecraft:bread":4,"minecraft:netherrack":2,"minecraft:mutton":7,"minecraft:coal":114,"minecraft:white_wool":3,"minecraft:cobblestone":471},"minecraft:crafted":{"minecraft:oak_planks":108,"minecraft:stone_shovel":2,"minecraft:crafting_table":2,"minecraft:wooden_pickaxe":1,"minecraft:iron_helmet":1,"minecraft:furnace":5,"minecraft:bucket":3,"minecraft:stone_axe":1,"minecraft:flint_and_steel":1,"minecraft:iron_chestplate":1,"minecraft:iron_boots":1,"minecraft:shield":1,"minecraft:stick":36,"minecraft:iron_ingot":18,"minecraft:stone_pickaxe":10,"minecraft:iron_leggings":1,"minecraft:white_bed":1,"minecraft:torch":36},"minecraft:broken":{"minecraft:stone_pickaxe":8,"minecraft:stone_shovel":1,"minecraft:wooden_pickaxe":1}},"DataVersion":4082}