{"minecraft:recipes/decorations/crafting_table":{"criteria":{"unlock_right_away":"2024-11-17 04:55:44 +0000"},"done":true},"minecraft:adventure/adventuring_time":{"criteria":{"minecraft:flower_forest":"2024-11-17 04:55:45 +0000","minecraft:beach":"2024-11-17 05:52:00 +0000","minecraft:ocean":"2024-11-17 05:44:17 +0000","minecraft:river":"2024-11-17 05:52:03 +0000"},"done":false},"minecraft:recipes/building_blocks/oak_slab":{"criteria":{"has_planks":"2024-11-17 05:36:22 +0000"},"done":true},"minecraft:recipes/decorations/oak_sign":{"criteria":{"has_planks":"2024-11-17 05:36:22 +0000"},"done":true},"minecraft:recipes/redstone/oak_trapdoor":{"criteria":{"has_planks":"2024-11-17 05:36:22 +0000"},"done":true},"minecraft:recipes/redstone/oak_fence_gate":{"criteria":{"has_planks":"2024-11-17 05:36:22 +0000"},"done":true},"minecraft:recipes/redstone/oak_pressure_plate":{"criteria":{"has_planks":"2024-11-17 05:36:22 +0000"},"done":true},"minecraft:recipes/redstone/oak_door":{"criteria":{"has_planks":"2024-11-17 05:36:22 +0000"},"done":true},"minecraft:recipes/misc/stick":{"criteria":{"has_planks":"2024-11-17 05:36:22 +0000"},"done":true},"minecraft:recipes/building_blocks/oak_stairs":{"criteria":{"has_planks":"2024-11-17 05:36:22 +0000"},"done":true},"minecraft:recipes/decorations/oak_fence":{"criteria":{"has_planks":"2024-11-17 05:36:22 +0000"},"done":true},"minecraft:recipes/decorations/barrel":{"criteria":{"has_planks":"2024-11-17 05:36:22 +0000"},"done":true},"minecraft:recipes/redstone/oak_button":{"criteria":{"has_planks":"2024-11-17 05:36:22 +0000"},"done":true},"minecraft:recipes/food/suspicious_stew_from_allium":{"criteria":{"has_allium":"2024-11-17 05:38:11 +0000"},"done":true},"minecraft:recipes/misc/magenta_dye_from_allium":{"criteria":{"has_allium":"2024-11-17 05:38:11 +0000"},"done":true},"minecraft:recipes/transportation/mangrove_boat":{"criteria":{"in_water":"2024-11-17 05:44:19 +0000"},"done":true},"minecraft:recipes/transportation/acacia_boat":{"criteria":{"in_water":"2024-11-17 05:44:19 +0000"},"done":true},"minecraft:recipes/transportation/cherry_boat":{"criteria":{"in_water":"2024-11-17 05:44:19 +0000"},"done":true},"minecraft:recipes/transportation/bamboo_raft":{"criteria":{"in_water":"2024-11-17 05:44:19 +0000"},"done":true},"minecraft:recipes/transportation/spruce_boat":{"criteria":{"in_water":"2024-11-17 05:44:19 +0000"},"done":true},"minecraft:recipes/transportation/birch_boat":{"criteria":{"in_water":"2024-11-17 05:44:19 +0000"},"done":true},"minecraft:recipes/transportation/oak_boat":{"criteria":{"in_water":"2024-11-17 05:44:19 +0000"},"done":true},"minecraft:recipes/transportation/jungle_boat":{"criteria":{"in_water":"2024-11-17 05:44:19 +0000"},"done":true},"minecraft:recipes/transportation/dark_oak_boat":{"criteria":{"in_water":"2024-11-17 05:44:19 +0000"},"done":true},"minecraft:recipes/building_blocks/red_sandstone_stairs":{"criteria":{"has_red_sandstone":"2024-11-18 02:47:22 +0000"},"done":true},"minecraft:husbandry/make_a_sign_glow":{"criteria":{"make_a_sign_glow":"2024-11-18 02:31:25 +0000"},"done":true},"minecraft:recipes/building_blocks/chiseled_red_sandstone_from_red_sandstone_stonecutting":{"criteria":{"has_red_sandstone":"2024-11-18 02:47:22 +0000"},"done":true},"minecraft:recipes/misc/charcoal":{"criteria":{"has_log":"2024-11-18 02:40:46 +0000"},"done":true},"minecraft:recipes/building_blocks/smooth_red_sandstone":{"criteria":{"has_red_sandstone":"2024-11-18 02:47:22 +0000"},"done":true},"minecraft:recipes/decorations/glow_item_frame":{"criteria":{"has_glow_ink_sac":"2024-11-18 02:30:56 +0000"},"done":true},"minecraft:recipes/building_blocks/chiseled_red_sandstone":{"criteria":{"has_red_sandstone":"2024-11-18 02:47:22 +0000"},"done":true},"minecraft:recipes/building_blocks/red_sandstone_slab_from_red_sandstone_stonecutting":{"criteria":{"has_red_sandstone":"2024-11-18 02:47:22 +0000"},"done":true},"minecraft:recipes/building_blocks/cut_red_sandstone_slab_from_red_sandstone_stonecutting":{"criteria":{"has_red_sandstone":"2024-11-18 02:47:22 +0000"},"done":true},"minecraft:recipes/building_blocks/oak_planks":{"criteria":{"has_logs":"2024-11-18 02:40:46 +0000"},"done":true},"minecraft:recipes/building_blocks/cut_red_sandstone":{"criteria":{"has_red_sandstone":"2024-11-18 02:47:22 +0000"},"done":true},"minecraft:recipes/decorations/red_sandstone_wall_from_red_sandstone_stonecutting":{"criteria":{"has_red_sandstone":"2024-11-18 02:47:22 +0000"},"done":true},"minecraft:recipes/building_blocks/cut_red_sandstone_from_red_sandstone_stonecutting":{"criteria":{"has_red_sandstone":"2024-11-18 02:47:22 +0000"},"done":true},"minecraft:recipes/building_blocks/red_sandstone_slab":{"criteria":{"has_red_sandstone":"2024-11-18 02:47:22 +0000"},"done":true},"minecraft:recipes/building_blocks/red_sandstone_stairs_from_red_sandstone_stonecutting":{"criteria":{"has_red_sandstone":"2024-11-18 02:47:22 +0000"},"done":true},"minecraft:recipes/decorations/red_sandstone_wall":{"criteria":{"has_red_sandstone":"2024-11-18 02:47:22 +0000"},"done":true},"minecraft:recipes/building_blocks/oak_wood":{"criteria":{"has_log":"2024-11-18 02:40:46 +0000"},"done":true},"minecraft:story/root":{"criteria":{"crafting_table":"2024-11-18 02:53:22 +0000"},"done":true},"DataVersion":4082}